,card_id,disp_id,type,issued
0,1,9,gold,1998-10-16
1,2,19,classic,1998-03-13
2,3,41,gold,1995-09-03
3,4,42,classic,1998-11-26
4,5,51,junior,1995-04-24
5,7,56,classic,1998-06-11
6,8,60,junior,1998-05-20
7,9,76,classic,1997-10-25
8,10,77,classic,1996-12-07
9,11,79,gold,1997-10-25
10,12,83,junior,1996-09-11
11,13,87,classic,1994-06-29
12,14,112,classic,1996-02-17
13,15,114,classic,1995-03-05
14,16,116,classic,1998-06-23
15,17,127,classic,1998-06-07
16,18,128,classic,1995-08-25
17,19,130,classic,1997-09-09
18,20,131,classic,1998-12-02
19,21,132,classic,1998-02-26
20,22,138,classic,1997-01-11
21,23,146,classic,1998-10-03
22,24,153,junior,1996-08-05
23,25,158,classic,1997-12-06
24,26,161,classic,1998-09-14
25,27,167,junior,1998-11-15
26,28,174,junior,1998-01-22
27,29,192,classic,1998-08-20
28,30,202,classic,1997-10-01
29,31,208,classic,1998-10-21
30,32,219,classic,1998-08-06
31,33,221,junior,1997-12-03
32,34,225,classic,1998-03-20
33,35,231,classic,1998-10-07
34,36,236,classic,1998-09-28
35,37,238,classic,1996-04-20
36,38,242,classic,1996-08-31
37,39,254,classic,1998-07-14
38,40,255,classic,1996-10-13
39,41,256,classic,1997-08-31
40,42,264,junior,1998-07-28
41,43,267,classic,1997-08-29
42,44,268,junior,1996-05-17
43,45,272,classic,1997-12-05
44,46,273,classic,1998-11-10
45,47,280,classic,1998-08-13
46,48,295,classic,1998-03-10
47,49,305,classic,1997-10-03
48,50,309,classic,1997-05-28
49,51,321,classic,1997-11-21
50,52,326,gold,1998-04-10
51,53,333,classic,1998-10-13
52,54,334,classic,1997-01-24
53,55,335,classic,1998-01-25
54,56,339,classic,1998-11-22
55,57,347,classic,1996-11-09
56,58,358,classic,1998-03-11
57,59,365,classic,1997-10-27
58,60,370,classic,1998-10-18
59,61,374,classic,1998-10-18
60,63,378,junior,1998-03-27
61,64,402,classic,1998-05-10
62,65,414,classic,1998-02-02
63,66,425,classic,1998-07-08
64,67,429,junior,1998-01-28
65,68,434,classic,1998-01-31
66,69,438,classic,1997-05-17
67,70,439,classic,1994-02-08
68,71,441,classic,1998-04-11
69,72,447,classic,1998-03-09
70,73,451,junior,1998-07-21
71,74,453,classic,1998-10-18
72,75,457,classic,1997-07-29
73,76,464,classic,1998-12-23
74,77,466,classic,1998-08-13
75,78,468,classic,1998-08-04
76,79,469,classic,1998-09-02
77,80,471,classic,1998-06-25
78,81,473,classic,1997-12-17
79,82,474,classic,1997-05-07
80,83,483,classic,1998-01-05
81,84,487,classic,1996-06-26
82,85,489,classic,1995-12-31
83,86,490,classic,1997-11-28
84,87,493,classic,1996-11-02
85,88,496,classic,1996-11-04
86,89,497,classic,1998-04-22
87,90,503,classic,1997-06-04
88,91,504,junior,1997-09-01
89,92,508,classic,1995-11-20
90,93,510,classic,1997-11-09
91,94,513,classic,1997-11-06
92,95,519,junior,1998-08-01
93,96,528,classic,1998-08-26
94,97,531,junior,1995-09-19
95,98,537,classic,1995-09-06
96,99,548,gold,1996-10-09
97,100,562,gold,1998-02-21
98,101,566,classic,1998-06-19
99,102,575,classic,1998-11-12
100,103,584,junior,1996-08-17
101,104,588,classic,1994-01-19
102,105,590,classic,1997-01-17
103,106,592,classic,1996-01-14
104,107,593,classic,1995-06-27
105,108,597,classic,1997-06-25
106,109,605,classic,1998-04-26
107,110,608,classic,1997-05-31
108,111,615,classic,1998-06-05
109,112,626,junior,1997-01-19
110,113,629,junior,1995-11-16
111,115,638,classic,1997-07-30
112,116,646,classic,1998-10-11
113,117,649,junior,1996-11-23
114,118,652,classic,1995-10-22
115,119,655,classic,1996-08-08
116,120,662,classic,1997-07-03
117,121,666,junior,1996-07-22
118,122,667,junior,1997-07-03
119,123,679,classic,1998-06-12
120,124,688,classic,1997-10-10
121,125,694,gold,1998-12-26
122,126,707,classic,1998-05-23
123,127,714,classic,1996-05-23
124,128,716,classic,1998-08-19
125,129,719,classic,1998-11-05
126,130,722,classic,1997-12-29
127,131,725,classic,1998-12-08
128,132,731,junior,1998-02-26
129,133,742,classic,1997-06-16
130,134,769,classic,1998-09-07
131,136,778,classic,1995-07-28
132,137,786,junior,1997-01-10
133,138,791,classic,1998-11-02
134,139,797,classic,1997-07-14
135,140,798,classic,1997-08-22
136,141,808,classic,1998-09-15
137,142,810,classic,1998-07-01
138,143,816,classic,1998-06-15
139,145,819,classic,1997-06-17
140,146,822,classic,1998-07-23
141,147,826,junior,1998-12-13
142,148,834,classic,1998-11-22
143,149,858,classic,1998-01-07
144,150,859,classic,1996-03-30
145,151,861,classic,1998-09-16
146,152,876,classic,1996-09-16
147,153,886,gold,1997-10-19
148,154,887,classic,1997-12-28
149,155,900,junior,1997-05-17
150,156,906,junior,1998-04-07
151,157,907,classic,1996-04-24
152,158,928,gold,1998-10-25
153,159,946,classic,1995-05-01
154,160,954,classic,1998-06-17
155,161,963,classic,1998-05-25
156,162,967,junior,1996-12-23
157,163,984,classic,1996-09-18
158,164,992,classic,1998-11-29
159,165,996,junior,1998-02-04
160,166,999,classic,1995-03-05
161,167,1011,classic,1995-09-15
162,168,1018,classic,1995-01-24
163,169,1019,classic,1998-08-10
164,170,1020,classic,1998-04-16
165,171,1027,classic,1997-03-05
166,172,1030,classic,1998-12-14
167,173,1031,classic,1998-06-21
168,174,1039,junior,1994-12-04
169,175,1040,classic,1997-01-03
170,176,1049,classic,1998-04-25
171,177,1056,classic,1998-11-19
172,178,1057,classic,1998-11-21
173,179,1059,classic,1998-08-10
174,180,1062,classic,1998-09-29
175,181,1066,classic,1994-08-19
176,182,1067,gold,1997-08-31
177,183,1080,classic,1996-05-08
178,184,1089,gold,1997-06-03
179,185,1098,classic,1997-09-07
180,186,1133,gold,1998-05-12
181,187,1140,classic,1997-09-07
182,188,1146,classic,1994-06-19
183,189,1157,classic,1997-02-19
184,190,1165,classic,1997-09-23
185,191,1168,junior,1998-04-02
186,192,1169,classic,1998-06-08
187,193,1179,gold,1998-09-21
188,194,1182,classic,1997-01-13
189,195,1194,classic,1997-02-03
190,196,1197,classic,1998-12-22
191,197,1202,junior,1996-10-21
192,198,1211,junior,1998-03-18
193,199,1213,classic,1997-02-07
194,200,1220,gold,1997-12-09
195,201,1223,classic,1998-12-08
196,202,1228,classic,1996-02-04
197,203,1231,classic,1998-09-16
198,204,1239,junior,1996-05-30
199,205,1242,classic,1998-11-16
200,206,1243,classic,1997-09-22
201,207,1244,classic,1998-05-25
202,208,1246,gold,1995-02-08
203,209,1251,classic,1998-07-31
204,210,1253,classic,1997-02-16
205,211,1271,classic,1997-06-10
206,212,1280,classic,1998-05-24
207,213,1289,gold,1997-06-11
208,214,1292,classic,1998-01-24
209,215,1296,classic,1998-03-02
210,216,1310,junior,1996-04-24
211,217,1316,classic,1998-11-09
212,218,1322,classic,1998-05-18
213,219,1329,classic,1998-12-04
214,220,1333,classic,1996-10-13
215,221,1339,classic,1998-08-10
216,222,1345,classic,1997-06-19
217,223,1353,classic,1995-04-18
218,225,1359,classic,1998-03-03
219,226,1378,classic,1997-04-18
220,227,1380,classic,1996-08-10
221,228,1382,junior,1998-03-15
222,229,1384,classic,1996-04-05
223,230,1388,gold,1998-10-25
224,231,1390,junior,1998-09-29
225,232,1396,classic,1997-05-01
226,233,1418,classic,1998-07-07
227,234,1424,classic,1997-09-29
228,235,1438,classic,1998-05-02
229,236,1440,junior,1998-01-29
230,237,1445,classic,1997-11-25
231,238,1452,gold,1997-08-17
232,239,1453,gold,1998-08-24
233,240,1459,classic,1998-12-23
234,241,1461,classic,1997-06-20
235,242,1473,classic,1998-09-24
236,243,1478,classic,1996-12-13
237,244,1480,classic,1998-03-16
238,245,1483,classic,1998-10-08
239,246,1492,classic,1998-02-08
240,247,1500,junior,1997-10-08
241,248,1512,classic,1998-03-01
242,249,1517,classic,1998-02-06
243,250,1522,classic,1998-06-30
244,251,1525,classic,1997-10-23
245,252,1529,classic,1997-09-02
246,253,1536,gold,1998-11-14
247,254,1578,classic,1997-11-11
248,255,1579,gold,1998-10-01
249,256,1583,classic,1997-05-26
250,257,1589,classic,1998-11-20
251,258,1607,classic,1997-01-26
252,259,1610,classic,1997-09-05
253,260,1616,classic,1998-07-05
254,261,1629,gold,1995-11-09
255,262,1647,junior,1995-08-24
256,263,1668,gold,1998-04-17
257,264,1669,classic,1998-10-07
258,265,1680,classic,1996-06-28
259,266,1690,classic,1997-03-04
260,267,1691,junior,1996-03-09
261,268,1707,gold,1997-12-11
262,269,1718,gold,1998-03-22
263,270,1736,junior,1997-06-17
264,272,1754,junior,1996-10-28
265,273,1758,classic,1997-11-07
266,274,1759,classic,1998-01-21
267,275,1762,classic,1997-05-20
268,276,1765,classic,1998-03-07
269,277,1777,gold,1998-07-12
270,278,1779,classic,1996-08-15
271,279,1791,classic,1997-09-21
272,280,1793,classic,1997-06-22
273,281,1795,classic,1997-12-22
274,282,1799,gold,1997-12-13
275,283,1800,classic,1998-02-25
276,284,1807,classic,1998-05-07
277,285,1811,gold,1998-09-10
278,286,1812,gold,1996-04-21
279,287,1819,junior,1997-06-28
280,288,1826,classic,1998-10-10
281,289,1831,junior,1996-04-08
282,290,1833,classic,1998-03-24
283,291,1836,classic,1998-09-29
284,292,1842,gold,1997-01-18
285,293,1850,classic,1997-02-17
286,294,1861,classic,1996-12-04
287,295,1864,classic,1998-10-26
288,296,1876,gold,1995-11-13
289,297,1883,classic,1997-06-15
290,298,1885,classic,1997-01-17
291,299,1886,classic,1998-10-25
292,300,1890,classic,1996-11-20
293,301,1899,classic,1998-07-07
294,302,1900,classic,1996-03-31
295,303,1912,classic,1996-08-01
296,304,1913,classic,1998-01-06
297,305,1914,classic,1997-05-23
298,306,1929,classic,1998-12-11
299,307,1930,gold,1998-09-05
300,308,1938,classic,1998-07-30
301,309,1946,classic,1994-09-19
302,310,1947,junior,1998-12-23
303,311,1954,classic,1997-07-01
304,312,1971,classic,1996-06-08
305,313,1980,classic,1996-06-17
306,314,1999,junior,1995-01-27
307,315,2005,junior,1998-03-24
308,316,2013,classic,1997-06-17
309,317,2015,classic,1998-06-10
310,319,2038,junior,1998-08-02
311,320,2045,classic,1996-07-11
312,321,2058,gold,1998-08-16
313,322,2063,classic,1998-12-28
314,323,2065,junior,1998-07-24
315,324,2074,classic,1997-02-19
316,325,2102,classic,1997-01-12
317,326,2104,classic,1997-12-14
318,327,2117,classic,1997-10-03
319,328,2121,junior,1998-09-12
320,329,2122,gold,1997-11-19
321,330,2124,classic,1998-04-11
322,331,2125,gold,1998-05-01
323,332,2126,classic,1998-06-19
324,333,2128,classic,1998-11-04
325,334,2133,classic,1998-03-13
326,335,2137,classic,1998-09-25
327,336,2138,junior,1998-10-09
328,337,2141,classic,1996-01-01
329,338,2146,classic,1998-04-16
330,339,2154,classic,1998-10-19
331,340,2155,classic,1998-01-25
332,341,2156,gold,1998-12-06
333,342,2157,classic,1995-09-27
334,343,2164,classic,1997-09-21
335,344,2168,classic,1998-07-27
336,345,2175,classic,1998-11-07
337,346,2177,classic,1998-08-14
338,347,2184,classic,1997-02-11
339,348,2203,classic,1998-02-02
340,349,2214,classic,1997-05-26
341,350,2226,classic,1997-04-20
342,351,2232,classic,1998-11-01
343,352,2235,classic,1998-09-11
344,353,2259,classic,1997-06-11
345,354,2265,gold,1998-06-30
346,355,2267,classic,1997-08-28
347,356,2268,classic,1997-09-13
348,357,2277,junior,1998-09-29
349,358,2287,junior,1998-05-23
350,359,2299,classic,1997-10-29
351,360,2308,classic,1998-02-24
352,361,2312,classic,1998-09-23
353,362,2320,gold,1998-06-21
354,363,2324,junior,1996-12-11
355,364,2329,classic,1996-02-29
356,365,2332,classic,1998-06-23
357,366,2335,classic,1998-10-09
358,367,2343,classic,1998-08-27
359,368,2361,classic,1998-01-10
360,369,2363,classic,1994-11-08
361,370,2374,classic,1998-04-03
362,371,2388,gold,1998-12-13
363,372,2395,classic,1996-03-31
364,373,2401,classic,1997-11-18
365,374,2423,classic,1996-11-08
366,375,2425,junior,1997-05-17
367,376,2428,classic,1994-11-10
368,377,2429,classic,1994-03-03
369,378,2430,classic,1998-12-11
370,379,2431,classic,1996-01-12
371,380,2434,classic,1997-12-15
372,381,2440,classic,1996-10-27
373,382,2445,gold,1997-11-22
374,383,2469,classic,1997-07-30
375,384,2475,junior,1994-09-15
376,385,2476,classic,1998-10-12
377,386,2478,classic,1998-08-14
378,387,2481,classic,1997-04-18
379,388,2488,junior,1998-11-26
380,389,2489,gold,1998-09-19
381,390,2490,classic,1996-10-14
382,391,2493,classic,1998-02-24
383,392,2496,classic,1998-11-22
384,393,2498,junior,1995-12-03
385,394,2501,classic,1998-10-05
386,395,2502,classic,1998-08-24
387,396,2508,classic,1998-07-26
388,397,2513,classic,1995-06-24
389,398,2522,classic,1998-02-14
390,399,2527,classic,1997-05-22
391,400,2529,classic,1997-04-06
392,401,2532,classic,1998-01-19
393,402,2536,classic,1998-09-03
394,403,2538,junior,1997-07-12
395,404,2540,junior,1998-11-12
396,405,2542,classic,1998-08-31
397,406,2548,classic,1998-08-16
398,407,2555,classic,1996-07-11
399,408,2560,classic,1996-12-10
400,409,2562,classic,1998-11-16
401,410,2569,classic,1995-07-20
402,411,2572,classic,1998-07-15
403,412,2585,classic,1998-05-09
404,413,2592,junior,1997-07-20
405,414,2606,classic,1998-09-26
406,415,2609,classic,1998-05-25
407,416,2616,classic,1998-10-01
408,417,2619,classic,1998-03-30
409,418,2623,classic,1995-04-14
410,419,2626,classic,1998-02-28
411,421,2644,classic,1998-04-27
412,422,2650,junior,1995-07-11
413,423,2657,classic,1996-02-19
414,424,2659,classic,1998-11-06
415,425,2662,junior,1998-09-04
416,426,2686,classic,1997-05-09
417,427,2688,gold,1996-01-25
418,428,2698,classic,1997-10-13
419,429,2709,classic,1998-11-05
420,430,2713,classic,1997-05-26
421,431,2715,gold,1997-09-12
422,433,2724,classic,1996-12-12
423,434,2739,classic,1997-12-30
424,435,2740,classic,1998-07-15
425,436,2759,classic,1997-10-09
426,437,2762,classic,1994-06-01
427,438,2768,classic,1997-10-30
428,439,2779,classic,1998-07-23
429,440,2782,classic,1998-07-07
430,441,2785,classic,1996-11-05
431,442,2796,classic,1998-12-26
432,443,2808,classic,1997-06-29
433,444,2815,gold,1998-04-03
434,445,2820,gold,1998-11-19
435,446,2841,classic,1998-06-04
436,447,2845,classic,1998-10-07
437,448,2864,classic,1998-04-29
438,449,2865,classic,1998-10-28
439,450,2880,classic,1998-07-07
440,451,2888,junior,1998-04-16
441,452,2910,classic,1998-12-19
442,453,2911,gold,1998-07-12
443,454,2921,classic,1997-08-01
444,455,2924,classic,1998-11-13
445,456,2929,classic,1998-05-16
446,457,2948,junior,1998-05-16
447,458,2951,gold,1998-05-14
448,459,2958,gold,1998-02-11
449,460,2971,classic,1998-10-05
450,461,2977,gold,1998-08-21
451,462,2978,classic,1995-12-30
452,463,2982,classic,1998-02-26
453,464,2984,classic,1995-02-21
454,465,2995,classic,1998-05-15
455,466,2998,classic,1998-11-25
456,467,3019,classic,1995-06-05
457,468,3023,classic,1995-01-30
458,469,3026,classic,1998-06-07
459,470,3036,classic,1996-09-02
460,471,3037,classic,1997-06-09
461,472,3056,classic,1997-11-24
462,473,3063,classic,1998-12-22
463,474,3066,junior,1998-01-24
464,475,3075,gold,1998-05-31
465,476,3079,classic,1997-07-06
466,477,3082,junior,1995-01-16
467,478,3084,classic,1994-10-09
468,479,3085,classic,1998-12-16
469,480,3092,classic,1998-09-01
470,481,3102,junior,1998-01-06
471,482,3104,junior,1998-01-13
472,483,3115,classic,1994-11-24
473,484,3116,classic,1995-07-04
474,485,3124,classic,1998-07-08
475,486,3128,gold,1998-12-25
476,487,3130,classic,1998-11-18
477,488,3134,gold,1998-10-20
478,489,3135,classic,1998-11-29
479,490,3136,gold,1997-02-07
480,491,3151,classic,1997-08-21
481,492,3166,classic,1998-04-09
482,493,3167,classic,1997-11-30
483,494,3173,classic,1997-06-10
484,495,3181,classic,1997-09-02
485,496,3183,junior,1998-07-21
486,497,3184,classic,1995-03-03
487,498,3186,classic,1998-04-18
488,499,3187,classic,1996-04-03
489,500,3192,classic,1998-11-26
490,501,3197,classic,1995-07-09
491,502,3201,classic,1997-08-22
492,503,3225,classic,1995-03-08
493,504,3230,junior,1995-11-06
494,505,3233,junior,1998-10-09
495,506,3236,gold,1998-12-19
496,507,3245,classic,1997-12-11
497,508,3249,classic,1998-08-03
498,509,3253,gold,1998-07-30
499,510,3256,classic,1998-04-13
500,511,3257,junior,1997-08-06
501,512,3259,classic,1997-07-24
502,513,3260,classic,1997-03-15
503,514,3267,classic,1996-09-10
504,515,3268,classic,1998-03-23
505,516,3279,classic,1996-10-25
506,517,3291,classic,1998-01-09
507,518,3292,gold,1998-02-10
508,519,3297,classic,1998-08-16
509,520,3308,classic,1998-09-25
510,521,3310,classic,1997-12-17
511,523,3319,junior,1998-11-23
512,524,3333,classic,1998-11-02
513,525,3337,classic,1998-07-27
514,526,3339,classic,1998-09-10
515,527,3348,junior,1998-12-14
516,528,3356,classic,1996-10-31
517,529,3357,classic,1998-02-27
518,530,3360,classic,1998-07-25
519,531,3378,gold,1998-08-24
520,532,3382,classic,1997-11-30
521,533,3384,classic,1998-10-09
522,534,3387,classic,1997-01-29
523,535,3395,classic,1998-03-22
524,536,3404,classic,1997-12-13
525,537,3405,classic,1997-09-15
526,538,3414,gold,1998-08-20
527,539,3415,classic,1997-04-23
528,540,3425,classic,1997-11-29
529,541,3427,junior,1996-11-26
530,542,3439,classic,1998-10-22
531,544,3448,gold,1998-09-10
532,545,3458,classic,1995-05-30
533,546,3465,gold,1997-08-19
534,547,3477,classic,1996-10-11
535,548,3501,classic,1998-07-16
536,549,3504,classic,1998-12-12
537,550,3515,classic,1998-08-08
538,551,3517,classic,1998-09-03
539,552,3519,classic,1997-10-25
540,553,3522,classic,1997-07-14
541,554,3535,classic,1998-09-29
542,555,3544,classic,1997-11-19
543,557,3567,classic,1998-01-17
544,558,3568,classic,1998-06-07
545,559,3573,classic,1995-06-17
546,560,3577,classic,1998-12-17
547,561,3581,gold,1998-09-28
548,562,3583,classic,1996-11-07
549,563,3589,classic,1994-10-21
550,564,3590,classic,1997-05-06
551,565,3601,gold,1997-01-06
552,566,3606,classic,1997-12-25
553,567,3611,classic,1998-07-08
554,568,3615,classic,1997-03-05
555,569,3616,classic,1997-12-12
556,570,3620,classic,1998-11-14
557,571,3627,junior,1998-07-13
558,572,3636,junior,1997-05-16
559,573,3638,classic,1998-12-23
560,574,3640,junior,1998-02-23
561,575,3667,gold,1997-12-25
562,576,3671,classic,1997-04-30
563,577,3687,classic,1994-02-15
564,578,3689,junior,1997-02-21
565,579,3699,classic,1997-11-18
566,580,3713,classic,1998-11-16
567,581,3721,classic,1998-08-13
568,582,3733,classic,1997-01-22
569,583,3735,classic,1997-04-24
570,584,3751,classic,1998-10-28
571,585,3753,gold,1998-10-01
572,586,3756,classic,1998-05-31
573,587,3763,junior,1996-08-05
574,588,3765,classic,1997-07-08
575,589,3766,junior,1997-12-20
576,590,3769,classic,1997-12-02
577,591,3779,classic,1997-07-23
578,592,3782,junior,1995-08-07
579,593,3787,junior,1998-01-06
580,594,3794,junior,1996-12-27
581,596,3811,classic,1997-10-19
582,597,3813,junior,1997-06-06
583,598,3821,classic,1997-08-23
584,599,3824,gold,1998-03-08
585,600,3829,classic,1996-05-20
586,601,3830,classic,1996-10-08
587,602,3846,junior,1998-04-18
588,603,3850,classic,1998-07-20
589,604,3858,classic,1998-11-04
590,605,3874,classic,1998-12-11
591,606,3883,classic,1996-01-22
592,607,3885,classic,1997-05-17
593,608,3890,classic,1997-12-17
594,609,3893,classic,1996-12-29
595,610,3894,classic,1997-08-29
596,611,3896,classic,1997-11-13
597,612,3906,classic,1997-09-22
598,613,3913,classic,1998-07-23
599,614,3938,junior,1998-10-16
600,616,3943,classic,1997-05-05
601,617,3944,gold,1997-04-09
602,618,3947,classic,1998-07-31
603,619,3958,classic,1998-04-01
604,620,3959,classic,1998-09-17
605,621,3970,junior,1996-03-19
606,622,3981,junior,1997-09-22
607,623,3984,classic,1998-07-25
608,624,3985,junior,1998-02-13
609,625,3987,classic,1997-07-17
610,626,3992,classic,1998-11-30
611,627,3994,classic,1998-07-05
612,628,4007,classic,1997-08-11
613,629,4018,junior,1998-09-25
614,630,4019,classic,1998-09-18
615,631,4061,junior,1998-06-09
616,632,4069,classic,1998-11-19
617,633,4078,classic,1997-10-12
618,634,4081,junior,1998-09-22
619,635,4083,classic,1998-12-29
620,636,4091,junior,1998-11-09
621,637,4094,junior,1997-08-06
622,638,4100,gold,1997-10-14
623,639,4112,classic,1998-05-23
624,640,4115,classic,1998-07-14
625,641,4116,classic,1996-06-18
626,642,4137,classic,1996-12-13
627,643,4157,classic,1998-03-04
628,644,4165,classic,1998-06-05
629,645,4166,classic,1998-05-17
630,646,4167,classic,1998-06-17
631,647,4171,junior,1997-03-21
632,648,4188,classic,1997-11-18
633,649,4190,classic,1998-05-29
634,650,4194,classic,1997-10-26
635,651,4201,junior,1996-08-02
636,652,4211,classic,1995-06-16
637,653,4212,classic,1998-09-16
638,654,4230,classic,1998-12-21
639,655,4231,classic,1998-02-13
640,656,4235,classic,1997-10-08
641,657,4246,junior,1998-12-02
642,658,4251,classic,1994-12-25
643,659,4258,classic,1998-01-08
644,660,4265,junior,1997-08-19
645,661,4270,classic,1995-07-03
646,662,4293,classic,1995-05-09
647,663,4295,classic,1997-08-06
648,664,4316,classic,1997-10-22
649,665,4318,classic,1997-03-24
650,666,4328,junior,1995-12-25
651,667,4333,classic,1997-01-31
652,668,4340,classic,1997-01-14
653,669,4341,classic,1998-06-19
654,670,4343,classic,1996-08-08
655,671,4345,classic,1997-09-17
656,672,4349,classic,1998-03-07
657,673,4353,junior,1996-08-31
658,674,4360,classic,1998-12-28
659,675,4376,classic,1997-06-23
660,676,4380,classic,1998-09-30
661,677,4382,junior,1998-12-01
662,678,4405,gold,1997-01-20
663,679,4416,classic,1997-03-06
664,680,4417,classic,1998-04-29
665,681,4426,classic,1997-01-22
666,682,4429,classic,1998-10-11
667,683,4437,classic,1998-08-05
668,684,4457,classic,1998-08-11
669,685,4467,classic,1998-12-29
670,687,4471,classic,1998-07-14
671,688,4472,classic,1997-08-01
672,689,4473,classic,1998-01-15
673,690,4479,classic,1996-11-07
674,691,4492,classic,1998-12-16
675,692,4493,classic,1998-12-08
676,693,4495,junior,1998-11-03
677,694,4504,classic,1997-07-24
678,695,4507,classic,1995-12-15
679,696,4516,classic,1998-07-05
680,697,4518,classic,1996-12-11
681,698,4522,gold,1997-10-07
682,699,4532,classic,1995-09-26
683,700,4533,junior,1998-05-22
684,701,4534,classic,1998-06-24
685,702,4543,classic,1998-08-30
686,703,4546,classic,1997-09-17
687,704,4553,gold,1998-11-21
688,705,4555,classic,1995-07-12
689,706,4559,gold,1997-01-16
690,707,4560,classic,1997-11-21
691,708,4568,junior,1996-09-24
692,709,4587,junior,1997-04-11
693,710,4588,junior,1996-12-10
694,711,4592,classic,1998-08-19
695,713,4627,classic,1995-09-30
696,714,4638,classic,1997-01-09
697,715,4639,junior,1998-12-08
698,716,4651,junior,1998-06-11
699,717,4654,classic,1998-05-19
700,718,4660,classic,1997-08-12
701,719,4663,classic,1995-06-24
702,720,4674,junior,1998-02-09
703,721,4680,junior,1994-04-05
704,722,4684,classic,1996-11-14
705,723,4699,classic,1997-12-15
706,724,4701,gold,1998-01-27
707,725,4715,junior,1996-03-30
708,726,4721,classic,1998-02-26
709,727,4723,classic,1998-07-19
710,728,4725,classic,1998-12-24
711,729,4740,junior,1997-01-22
712,730,4749,classic,1997-05-02
713,731,4751,classic,1996-06-23
714,732,4763,classic,1994-07-21
715,733,4764,junior,1997-06-30
716,734,4765,classic,1998-05-01
717,735,4772,classic,1998-12-19
718,736,4789,classic,1996-08-03
719,737,4791,classic,1995-04-13
720,738,4808,junior,1998-07-02
721,739,4821,classic,1997-12-03
722,740,4823,junior,1998-07-28
723,741,4832,classic,1996-09-11
724,742,4833,classic,1998-11-10
725,743,4862,gold,1998-10-18
726,744,4863,classic,1998-10-02
727,746,4901,classic,1998-11-04
728,747,4915,classic,1994-02-05
729,748,4923,classic,1997-06-16
730,749,4929,classic,1998-10-19
731,750,4937,classic,1998-10-24
732,751,4941,junior,1998-10-15
733,752,4944,junior,1998-09-06
734,753,4974,classic,1998-12-25
735,754,4976,junior,1998-10-10
736,755,5002,classic,1998-04-16
737,756,5012,classic,1998-05-18
738,757,5013,junior,1998-05-22
739,758,5016,classic,1998-09-21
740,759,5117,junior,1995-04-18
741,760,5126,classic,1998-01-19
742,761,5128,gold,1998-04-23
743,762,5132,classic,1997-11-10
744,763,5138,junior,1994-12-30
745,764,5159,classic,1996-05-29
746,765,5175,classic,1998-09-29
747,766,5200,classic,1995-02-11
748,767,5204,classic,1997-09-14
749,768,5223,classic,1998-07-06
750,769,5224,classic,1998-10-20
751,770,5232,classic,1998-06-15
752,771,5233,classic,1996-01-08
753,772,5243,classic,1996-10-30
754,773,5245,classic,1998-11-18
755,774,5249,classic,1997-12-25
756,775,5253,gold,1998-04-11
757,776,5263,classic,1996-10-19
758,778,5275,classic,1995-01-02
759,779,5323,junior,1995-05-21
760,780,5333,classic,1998-07-29
761,781,5366,classic,1997-07-07
762,782,5376,classic,1998-09-29
763,783,5433,junior,1995-10-24
764,784,5461,classic,1998-03-24
765,785,5468,classic,1998-06-16
766,786,5478,classic,1996-12-31
767,791,5521,classic,1997-05-12
768,792,5526,classic,1998-10-11
769,795,5563,classic,1998-08-02
770,796,5579,classic,1998-02-20
771,801,5684,classic,1997-06-15
772,803,5727,classic,1998-01-19
773,813,5873,junior,1996-10-28
774,814,5911,classic,1996-02-15
775,819,5978,gold,1998-12-06
776,820,6039,classic,1998-11-10
777,823,6178,classic,1998-06-05
778,824,6196,classic,1998-04-29
779,829,6255,classic,1998-12-22
780,831,6275,classic,1998-06-29
781,833,6299,classic,1998-08-01
782,834,6301,classic,1998-08-21
783,841,6468,classic,1997-03-06
784,844,6567,junior,1998-03-04
785,847,6610,classic,1997-05-20
786,850,6644,classic,1997-01-16
787,854,6753,classic,1996-10-07
788,855,6764,classic,1998-10-24
789,857,6789,junior,1998-10-25
790,863,6906,classic,1998-06-12
791,874,7127,gold,1997-10-07
792,880,7186,classic,1998-09-17
793,882,7195,classic,1996-09-11
794,884,7286,gold,1997-07-31
795,886,7325,classic,1998-12-15
796,890,7422,classic,1996-09-08
797,891,7434,classic,1997-12-23
798,896,7567,classic,1997-09-18
799,897,7576,classic,1998-01-18
800,904,7672,classic,1998-01-22
801,906,7683,gold,1998-05-18
802,918,7796,classic,1998-04-27
803,923,7855,classic,1998-09-24
804,924,7862,classic,1998-12-24
805,933,7959,junior,1998-04-21
806,936,8030,classic,1997-08-02
807,939,8217,junior,1997-05-29
808,942,8295,classic,1997-12-02
809,945,8342,junior,1996-05-09
810,946,8359,junior,1998-02-28
811,947,8366,classic,1997-11-08
812,951,8392,classic,1998-08-16
813,956,8502,classic,1998-09-30
814,957,8506,junior,1998-10-16
815,965,8636,classic,1998-04-02
816,977,8968,classic,1996-05-08
817,989,9119,classic,1996-02-21
818,991,9149,junior,1998-07-01
819,1001,9247,classic,1998-11-20
820,1002,9261,classic,1998-07-09
821,1003,9274,classic,1998-08-09
822,1005,9285,classic,1993-11-07
823,1007,9333,gold,1998-09-25
824,1009,9409,gold,1997-06-14
825,1010,9413,classic,1996-10-27
826,1014,9452,classic,1996-11-02
827,1016,9525,classic,1997-10-28
828,1022,9606,classic,1997-12-13
829,1023,9621,classic,1998-08-30
830,1024,9622,classic,1998-09-20
831,1025,9625,classic,1997-09-08
832,1035,9732,classic,1998-10-11
833,1036,9735,classic,1997-01-17
834,1038,9787,junior,1995-03-30
835,1039,9837,classic,1995-01-07
836,1040,9890,junior,1995-05-28
837,1043,9974,junior,1996-08-14
838,1055,10171,classic,1996-07-24
839,1056,10220,classic,1997-11-06
840,1059,10235,classic,1997-07-29
841,1064,10328,classic,1996-02-17
842,1070,10490,junior,1998-11-08
843,1076,10604,gold,1998-07-27
844,1081,10696,classic,1998-12-25
845,1087,10887,classic,1996-10-06
846,1093,11011,classic,1997-01-20
847,1095,11023,gold,1997-07-28
848,1098,11063,classic,1998-09-01
849,1100,11101,junior,1996-04-10
850,1102,11183,classic,1998-04-25
851,1103,11189,classic,1995-11-04
852,1105,11237,classic,1997-12-13
853,1111,11288,classic,1996-12-31
854,1115,11375,junior,1997-10-03
855,1118,11393,classic,1997-01-02
856,1134,11742,classic,1996-05-31
857,1137,11771,gold,1998-12-01
858,1138,11825,classic,1997-06-29
859,1139,11836,junior,1996-03-26
860,1150,12020,classic,1998-08-25
861,1154,12070,classic,1998-09-05
862,1155,12088,classic,1998-08-01
863,1164,12269,classic,1996-08-12
864,1165,12291,classic,1998-11-08
865,1167,12335,classic,1998-07-18
866,1169,12354,classic,1998-11-30
867,1173,12442,classic,1997-05-08
868,1175,12494,classic,1998-11-24
869,1176,12502,gold,1996-07-03
870,1177,12535,gold,1998-12-06
871,1178,12542,classic,1997-06-19
872,1187,12635,gold,1996-07-17
873,1188,12678,classic,1998-09-19
874,1189,12683,classic,1998-03-17
875,1192,12736,classic,1998-07-02
876,1193,12743,classic,1998-10-01
877,1194,12781,junior,1998-04-30
878,1195,12787,gold,1998-09-04
879,1196,12805,classic,1997-06-27
880,1199,12826,classic,1998-03-09
881,1203,12893,classic,1997-09-26
882,1216,13097,classic,1998-05-26
883,1217,13098,junior,1998-08-09
884,1220,13160,classic,1997-08-08
885,1223,13231,junior,1995-05-02
886,1225,13268,classic,1995-11-22
887,1230,13312,classic,1998-03-08
888,1233,13382,classic,1996-07-06
889,1234,13386,classic,1997-11-28
890,1239,13442,junior,1998-02-02
891,1247,13660,classic,1995-06-13
