,card_type_classic,latest_balance,loan_age,A14,loan_amount,loan_payments,card_type_none,card_age,district_id,n_clients,loan_duration,loan_status,account_age,total_debit,n_orders
437,1.0,56197.0,3.0,109.0,320592.0,6679.0,0.0,3.0,62.0,2.0,48.0,1.0,4.0,6678.7,1.0
256,0.0,24909.0,3.0,128.0,15192.0,633.0,1.0,0.0,24.0,1.0,24.0,1.0,5.0,7843.0,4.0
583,0.0,109126.0,4.0,100.0,151728.0,3161.0,1.0,0.0,74.0,1.0,48.0,0.0,5.0,3160.7,1.0
18,0.0,25365.0,2.0,124.0,66840.0,2785.0,1.0,0.0,15.0,2.0,24.0,1.0,3.0,16476.0,2.0
350,0.0,32064.0,5.0,116.0,61056.0,1272.0,1.0,0.0,57.0,1.0,48.0,1.0,6.0,7485.0,3.0
528,0.0,38820.0,6.0,167.0,38148.0,3179.0,1.0,0.0,1.0,1.0,12.0,1.0,6.0,17612.0,4.0
465,0.0,38831.0,1.0,141.0,160656.0,6694.0,1.0,0.0,10.0,1.0,24.0,1.0,3.0,6694.2,1.0
208,1.0,73355.0,2.0,167.0,271584.0,5658.0,0.0,1.0,1.0,1.0,48.0,1.0,3.0,5658.0,1.0
61,0.0,32271.0,2.0,100.0,128544.0,5356.0,1.0,0.0,74.0,1.0,24.0,1.0,3.0,14399.7,5.0
248,1.0,68846.0,4.0,90.0,73836.0,2051.0,0.0,1.0,39.0,1.0,36.0,1.0,4.0,7343.0,3.0
533,0.0,24729.0,2.0,131.0,272220.0,4537.0,1.0,0.0,26.0,1.0,60.0,0.0,3.0,16722.3,3.0
29,0.0,30747.0,2.0,127.0,196800.0,8200.0,1.0,0.0,8.0,1.0,24.0,0.0,3.0,8200.2,1.0
336,0.0,42775.0,4.0,141.0,98592.0,4108.0,1.0,0.0,10.0,1.0,24.0,1.0,4.0,14638.3,2.0
408,0.0,19213.0,1.0,167.0,234336.0,4882.0,1.0,0.0,1.0,1.0,48.0,1.0,3.0,17412.5,4.0
544,0.0,88540.0,2.0,154.0,164256.0,3422.0,1.0,0.0,11.0,2.0,48.0,1.0,3.0,3421.5,1.0
319,0.0,36205.0,5.0,97.0,149340.0,2489.0,1.0,0.0,44.0,1.0,60.0,1.0,6.0,11243.3,2.0
422,0.0,16716.0,3.0,123.0,30276.0,2523.0,1.0,0.0,21.0,1.0,12.0,0.0,4.0,2523.2,1.0
482,0.0,70830.0,5.0,167.0,80340.0,6695.0,0.0,4.0,1.0,2.0,12.0,1.0,6.0,6695.0,1.0
357,0.0,18037.0,1.0,120.0,407952.0,8499.0,1.0,0.0,19.0,1.0,48.0,0.0,3.0,8499.0,1.0
332,1.0,69552.0,2.0,120.0,177504.0,3698.0,0.0,1.0,19.0,1.0,48.0,1.0,3.0,3697.8,1.0
235,0.0,22074.0,2.0,109.0,405780.0,6763.0,1.0,0.0,62.0,1.0,60.0,1.0,4.0,12006.0,4.0
218,0.0,20411.0,2.0,99.0,307200.0,5120.0,1.0,0.0,53.0,1.0,60.0,0.0,3.0,5120.2,1.0
668,0.0,53703.0,5.0,99.0,182628.0,5073.0,1.0,0.0,75.0,1.0,36.0,1.0,6.0,8337.0,2.0
468,1.0,77283.0,1.0,111.0,35856.0,1494.0,0.0,1.0,47.0,1.0,24.0,1.0,3.0,6709.0,2.0
405,0.0,38874.0,1.0,124.0,495180.0,8253.0,0.0,1.0,69.0,1.0,60.0,1.0,2.0,8253.2,1.0
490,0.0,29762.0,3.0,167.0,247728.0,5161.0,0.0,3.0,1.0,1.0,48.0,1.0,4.0,11804.2,3.0
542,0.0,47408.0,1.0,124.0,122472.0,5103.0,1.0,0.0,69.0,1.0,24.0,1.0,3.0,18564.0,2.0
638,0.0,82020.0,2.0,131.0,24180.0,403.0,1.0,0.0,36.0,1.0,60.0,1.0,3.0,4058.0,5.0
639,0.0,26893.0,3.0,102.0,154656.0,3222.0,1.0,0.0,71.0,1.0,48.0,1.0,5.0,7088.5,2.0
163,0.0,49769.0,5.0,154.0,111384.0,4641.0,1.0,0.0,11.0,1.0,24.0,1.0,6.0,12266.0,3.0
278,0.0,21601.0,4.0,124.0,21396.0,1783.0,1.0,0.0,15.0,2.0,12.0,1.0,5.0,1783.2,1.0
596,0.0,14449.0,2.0,119.0,91632.0,7636.0,1.0,0.0,17.0,2.0,12.0,1.0,3.0,10526.0,3.0
464,0.0,59933.0,1.0,149.0,144960.0,3020.0,1.0,0.0,9.0,1.0,48.0,1.0,3.0,10178.0,2.0
334,0.0,40558.0,4.0,107.0,225420.0,3757.0,1.0,0.0,61.0,1.0,60.0,1.0,5.0,3757.0,1.0
453,0.0,68598.0,5.0,116.0,91584.0,3816.0,1.0,0.0,33.0,1.0,24.0,1.0,6.0,3816.0,1.0
395,0.0,46885.0,4.0,109.0,37908.0,3159.0,1.0,0.0,62.0,1.0,12.0,1.0,5.0,3159.0,1.0
104,0.0,27814.0,3.0,131.0,249312.0,5194.0,1.0,0.0,26.0,1.0,48.0,1.0,4.0,19358.0,2.0
114,0.0,36892.0,1.0,106.0,44640.0,1860.0,1.0,0.0,59.0,1.0,24.0,1.0,2.0,1860.0,1.0
611,0.0,17096.0,6.0,140.0,75624.0,3151.0,1.0,0.0,54.0,1.0,24.0,0.0,6.0,3151.3,1.0
353,0.0,22611.0,5.0,167.0,11736.0,489.0,1.0,0.0,1.0,1.0,24.0,1.0,6.0,9460.0,4.0
448,0.0,43924.0,5.0,102.0,196080.0,4085.0,1.0,0.0,23.0,1.0,48.0,1.0,6.0,4085.0,1.0
92,0.0,93629.0,6.0,117.0,165960.0,4610.0,1.0,0.0,46.0,1.0,36.0,1.0,6.0,13152.0,4.0
7,0.0,37862.0,2.0,97.0,265320.0,7370.0,1.0,0.0,44.0,1.0,36.0,0.0,3.0,7370.2,1.0
89,0.0,76546.0,3.0,108.0,202788.0,5633.0,1.0,0.0,31.0,1.0,36.0,1.0,4.0,17627.0,2.0
518,0.0,16761.0,1.0,109.0,76104.0,3171.0,1.0,0.0,62.0,2.0,24.0,1.0,2.0,6007.0,3.0
445,1.0,50614.0,2.0,132.0,77544.0,2154.0,0.0,1.0,2.0,1.0,36.0,1.0,3.0,12313.8,2.0
648,0.0,-5303.0,2.0,94.0,385560.0,6426.0,1.0,0.0,50.0,1.0,60.0,0.0,3.0,6426.3,1.0
361,0.0,38276.0,2.0,140.0,67608.0,2817.0,1.0,0.0,54.0,2.0,24.0,1.0,2.0,13686.3,2.0
352,0.0,63892.0,6.0,113.0,464520.0,7742.0,1.0,0.0,77.0,1.0,60.0,0.0,6.0,7741.8,1.0
244,0.0,102769.0,2.0,124.0,90156.0,7513.0,0.0,1.0,69.0,2.0,12.0,1.0,3.0,7512.7,1.0
140,0.0,31797.0,5.0,108.0,199680.0,3328.0,1.0,0.0,52.0,1.0,60.0,1.0,6.0,6940.2,2.0
249,0.0,14226.0,5.0,167.0,87816.0,7318.0,1.0,0.0,1.0,2.0,12.0,1.0,6.0,12323.0,2.0
43,1.0,41748.0,2.0,120.0,53076.0,4423.0,0.0,1.0,19.0,1.0,12.0,1.0,3.0,13658.0,2.0
42,0.0,43156.0,4.0,118.0,538500.0,8975.0,1.0,0.0,5.0,1.0,60.0,1.0,5.0,13580.0,2.0
73,0.0,63133.0,1.0,100.0,125472.0,5228.0,1.0,0.0,34.0,1.0,24.0,1.0,2.0,11603.7,2.0
167,1.0,58694.0,3.0,100.0,380160.0,6336.0,0.0,2.0,74.0,1.0,60.0,1.0,5.0,6336.0,1.0
610,0.0,83200.0,1.0,110.0,37812.0,3151.0,1.0,0.0,27.0,1.0,12.0,1.0,2.0,17952.3,2.0
594,0.0,21666.0,3.0,127.0,194940.0,5415.0,1.0,0.0,8.0,1.0,36.0,1.0,4.0,5415.0,1.0
66,0.0,38911.0,4.0,104.0,71064.0,1974.0,1.0,0.0,38.0,1.0,36.0,1.0,5.0,8602.0,3.0
11,0.0,64005.0,5.0,102.0,104808.0,8734.0,1.0,0.0,66.0,2.0,12.0,1.0,6.0,17342.0,5.0
443,1.0,64930.0,1.0,123.0,45456.0,3788.0,0.0,1.0,13.0,1.0,12.0,1.0,2.0,3788.3,1.0
612,1.0,94208.0,2.0,124.0,348120.0,5802.0,0.0,1.0,69.0,1.0,60.0,1.0,3.0,5802.3,1.0
585,0.0,81130.0,3.0,145.0,96168.0,8014.0,0.0,1.0,64.0,1.0,12.0,1.0,4.0,8013.7,1.0
260,0.0,53576.0,5.0,116.0,300204.0,8339.0,1.0,0.0,57.0,1.0,36.0,1.0,6.0,8339.0,1.0
346,0.0,34943.0,1.0,132.0,184620.0,3077.0,1.0,0.0,45.0,1.0,60.0,1.0,3.0,12922.8,2.0
231,1.0,51534.0,2.0,140.0,41856.0,872.0,0.0,1.0,54.0,1.0,48.0,1.0,3.0,4499.0,4.0
617,1.0,13414.0,2.0,123.0,86880.0,7240.0,0.0,2.0,21.0,1.0,12.0,1.0,3.0,7240.0,1.0
557,1.0,39606.0,3.0,81.0,86184.0,7182.0,0.0,3.0,70.0,1.0,12.0,1.0,3.0,10425.5,3.0
177,0.0,6027.0,3.0,97.0,277884.0,7719.0,1.0,0.0,44.0,1.0,36.0,0.0,5.0,7718.7,1.0
457,0.0,57445.0,2.0,102.0,79344.0,1653.0,1.0,0.0,23.0,1.0,48.0,1.0,3.0,5957.0,2.0
429,0.0,64727.0,2.0,140.0,590820.0,9847.0,1.0,0.0,54.0,1.0,60.0,1.0,3.0,16919.0,3.0
83,0.0,27015.0,1.0,126.0,64224.0,2676.0,1.0,0.0,6.0,2.0,24.0,1.0,3.0,12425.0,2.0
501,0.0,58518.0,1.0,140.0,93036.0,7753.0,1.0,0.0,54.0,1.0,12.0,1.0,3.0,7753.3,1.0
592,0.0,78920.0,3.0,128.0,19044.0,529.0,1.0,0.0,24.0,1.0,36.0,1.0,4.0,529.0,1.0
444,1.0,75116.0,1.0,120.0,140064.0,5836.0,0.0,1.0,19.0,1.0,24.0,1.0,3.0,5836.0,1.0
79,0.0,63329.0,2.0,94.0,191088.0,3981.0,1.0,0.0,50.0,1.0,48.0,1.0,3.0,3981.0,1.0
23,0.0,55761.0,4.0,167.0,187224.0,7801.0,1.0,0.0,1.0,1.0,24.0,0.0,6.0,7801.2,1.0
15,0.0,37213.0,5.0,126.0,123696.0,2577.0,1.0,0.0,56.0,1.0,48.0,1.0,6.0,8504.0,3.0
369,1.0,66201.0,4.0,131.0,79920.0,1332.0,0.0,1.0,26.0,1.0,60.0,1.0,6.0,7902.0,3.0
417,0.0,22731.0,4.0,155.0,63360.0,1056.0,1.0,0.0,49.0,2.0,60.0,1.0,6.0,6450.0,2.0
284,0.0,68823.0,3.0,87.0,98832.0,2059.0,1.0,0.0,42.0,1.0,48.0,1.0,5.0,7575.0,4.0
670,1.0,92960.0,2.0,167.0,44940.0,3745.0,0.0,2.0,1.0,1.0,12.0,1.0,2.0,3744.7,1.0
320,0.0,37970.0,2.0,111.0,158184.0,4394.0,1.0,0.0,47.0,1.0,36.0,1.0,3.0,4393.8,1.0
341,0.0,26154.0,4.0,100.0,232560.0,4845.0,1.0,0.0,74.0,1.0,48.0,1.0,4.0,4845.0,1.0
137,0.0,45833.0,2.0,94.0,48312.0,2013.0,1.0,0.0,50.0,1.0,24.0,1.0,3.0,12720.0,2.0
340,0.0,89025.0,3.0,108.0,290700.0,4845.0,1.0,0.0,52.0,1.0,60.0,0.0,4.0,4845.0,1.0
299,0.0,21360.0,3.0,96.0,20352.0,424.0,1.0,0.0,58.0,2.0,48.0,1.0,4.0,4632.0,2.0
33,1.0,81136.0,2.0,110.0,12540.0,1045.0,0.0,2.0,27.0,2.0,12.0,1.0,3.0,8218.0,4.0
535,0.0,53869.0,1.0,149.0,52236.0,1451.0,1.0,0.0,9.0,2.0,36.0,1.0,3.0,6493.0,2.0
257,0.0,74434.0,3.0,94.0,135360.0,2820.0,0.0,4.0,50.0,1.0,48.0,1.0,4.0,2819.8,1.0
9,1.0,73881.0,2.0,131.0,162576.0,4516.0,0.0,1.0,36.0,1.0,36.0,1.0,3.0,7664.0,3.0
22,0.0,56604.0,5.0,140.0,100980.0,1683.0,1.0,0.0,54.0,1.0,60.0,1.0,6.0,6422.0,2.0
604,0.0,54590.0,1.0,100.0,136368.0,5682.0,1.0,0.0,22.0,1.0,24.0,1.0,2.0,15216.8,2.0
221,0.0,93126.0,1.0,108.0,334620.0,5577.0,1.0,0.0,52.0,2.0,60.0,1.0,2.0,5577.3,1.0
616,0.0,14960.0,2.0,102.0,88704.0,1848.0,1.0,0.0,23.0,2.0,48.0,1.0,4.0,6258.0,2.0
667,0.0,109173.0,5.0,106.0,108144.0,3004.0,1.0,0.0,59.0,2.0,36.0,1.0,6.0,7740.5,2.0
493,0.0,11055.0,2.0,135.0,333648.0,6951.0,1.0,0.0,14.0,1.0,48.0,0.0,3.0,15729.8,3.0
84,0.0,45712.0,1.0,111.0,189792.0,3954.0,1.0,0.0,47.0,1.0,48.0,1.0,2.0,16067.3,2.0
481,0.0,30329.0,2.0,113.0,97980.0,1633.0,1.0,0.0,29.0,1.0,60.0,1.0,4.0,7356.0,3.0
550,0.0,32234.0,2.0,96.0,39576.0,3298.0,1.0,0.0,68.0,2.0,12.0,1.0,3.0,13234.3,3.0
507,1.0,28073.0,4.0,145.0,47304.0,1971.0,0.0,3.0,64.0,1.0,24.0,1.0,6.0,10121.8,2.0
525,0.0,37163.0,3.0,167.0,70656.0,1472.0,1.0,0.0,1.0,1.0,48.0,1.0,3.0,7742.0,2.0
203,0.0,22496.0,1.0,96.0,174840.0,2914.0,1.0,0.0,58.0,1.0,60.0,1.0,2.0,8137.8,3.0
196,0.0,51347.0,1.0,137.0,40632.0,3386.0,1.0,0.0,12.0,1.0,12.0,1.0,3.0,6904.5,5.0
598,1.0,93433.0,2.0,107.0,311232.0,6484.0,0.0,1.0,76.0,1.0,48.0,1.0,3.0,6483.7,1.0
619,0.0,55275.0,2.0,100.0,260640.0,7240.0,1.0,0.0,22.0,1.0,36.0,0.0,4.0,20064.0,5.0
93,0.0,47886.0,1.0,112.0,385584.0,8033.0,1.0,0.0,28.0,2.0,48.0,1.0,2.0,8033.2,1.0
651,0.0,48019.0,5.0,167.0,131292.0,3647.0,1.0,0.0,1.0,1.0,36.0,1.0,6.0,10959.0,2.0
286,0.0,62313.0,3.0,125.0,359760.0,5996.0,1.0,0.0,43.0,1.0,60.0,1.0,4.0,10706.2,2.0
478,1.0,58452.0,5.0,132.0,74736.0,2076.0,0.0,2.0,45.0,1.0,36.0,1.0,6.0,8260.0,2.0
363,1.0,61231.0,2.0,100.0,247920.0,5165.0,0.0,2.0,34.0,1.0,48.0,1.0,3.0,14688.2,2.0
622,0.0,85104.0,3.0,115.0,54396.0,1511.0,1.0,0.0,60.0,1.0,36.0,1.0,3.0,1511.0,1.0
28,0.0,54377.0,2.0,140.0,357840.0,7455.0,1.0,0.0,54.0,1.0,48.0,0.0,2.0,15129.0,3.0
184,0.0,52129.0,1.0,104.0,130896.0,5454.0,1.0,0.0,38.0,2.0,24.0,1.0,3.0,9928.0,2.0
549,0.0,44456.0,2.0,116.0,23184.0,1932.0,1.0,0.0,57.0,1.0,12.0,1.0,3.0,1932.0,1.0
277,0.0,35752.0,2.0,131.0,59136.0,1232.0,1.0,0.0,26.0,1.0,48.0,1.0,3.0,1232.0,1.0
178,1.0,55904.0,5.0,155.0,82896.0,6908.0,0.0,5.0,49.0,2.0,12.0,1.0,6.0,16783.5,4.0
538,0.0,71270.0,1.0,126.0,272220.0,4537.0,1.0,0.0,56.0,1.0,60.0,1.0,2.0,10919.3,4.0
153,0.0,65428.0,3.0,115.0,89340.0,1489.0,1.0,0.0,60.0,2.0,60.0,1.0,4.0,6505.0,2.0
75,0.0,19512.0,2.0,105.0,100080.0,2085.0,1.0,0.0,65.0,1.0,48.0,1.0,2.0,10294.7,2.0
409,0.0,75197.0,6.0,117.0,47016.0,3918.0,1.0,0.0,46.0,1.0,12.0,1.0,6.0,18499.2,2.0
68,0.0,30355.0,1.0,111.0,52512.0,4376.0,1.0,0.0,55.0,1.0,12.0,1.0,2.0,4375.5,1.0
367,1.0,65643.0,5.0,104.0,87360.0,3640.0,0.0,1.0,38.0,1.0,24.0,1.0,6.0,3639.5,1.0
188,1.0,14288.0,2.0,145.0,39024.0,3252.0,0.0,2.0,64.0,1.0,12.0,1.0,4.0,16491.2,3.0
236,0.0,59419.0,5.0,102.0,79632.0,3318.0,1.0,0.0,66.0,1.0,24.0,1.0,5.0,15089.0,3.0
88,1.0,45731.0,3.0,112.0,30060.0,501.0,0.0,3.0,28.0,1.0,60.0,1.0,5.0,7336.0,5.0
575,0.0,111743.0,4.0,167.0,76416.0,3184.0,1.0,0.0,1.0,2.0,24.0,1.0,6.0,17868.3,3.0
117,1.0,29808.0,2.0,81.0,92400.0,7700.0,0.0,3.0,70.0,1.0,12.0,1.0,3.0,12413.8,3.0
511,0.0,56223.0,2.0,102.0,67980.0,5665.0,1.0,0.0,66.0,1.0,12.0,1.0,3.0,5665.0,1.0
559,0.0,35673.0,1.0,106.0,44640.0,1860.0,1.0,0.0,59.0,1.0,24.0,1.0,2.0,1860.0,1.0
238,0.0,61956.0,1.0,113.0,41988.0,3499.0,1.0,0.0,77.0,2.0,12.0,1.0,2.0,10145.0,2.0
0,0.0,42628.0,5.0,167.0,80952.0,3373.0,1.0,0.0,1.0,2.0,24.0,1.0,6.0,10638.7,2.0
674,0.0,27391.0,6.0,124.0,52788.0,4399.0,1.0,0.0,15.0,1.0,12.0,1.0,6.0,7512.0,3.0
275,0.0,76124.0,2.0,117.0,219456.0,4572.0,1.0,0.0,46.0,2.0,48.0,1.0,2.0,4572.0,1.0
655,1.0,43156.0,2.0,113.0,18720.0,312.0,0.0,2.0,25.0,2.0,60.0,1.0,3.0,312.0,1.0
331,1.0,62671.0,3.0,124.0,44376.0,3698.0,0.0,3.0,15.0,1.0,12.0,1.0,3.0,9746.8,2.0
116,0.0,26880.0,3.0,167.0,101520.0,8460.0,1.0,0.0,1.0,1.0,12.0,1.0,3.0,11928.0,2.0
228,0.0,36807.0,2.0,131.0,106128.0,2948.0,1.0,0.0,36.0,1.0,36.0,1.0,2.0,2948.0,1.0
300,1.0,81475.0,1.0,96.0,57060.0,4755.0,0.0,1.0,68.0,1.0,12.0,1.0,3.0,9366.0,4.0
310,0.0,45837.0,2.0,109.0,129312.0,5388.0,1.0,0.0,4.0,1.0,24.0,0.0,3.0,5388.5,1.0
274,0.0,81686.0,4.0,102.0,465072.0,9689.0,1.0,0.0,66.0,2.0,48.0,1.0,5.0,9689.0,1.0
625,1.0,77584.0,1.0,110.0,23412.0,1951.0,0.0,2.0,72.0,2.0,12.0,1.0,3.0,5185.0,2.0
144,0.0,43983.0,1.0,116.0,17952.0,1496.0,1.0,0.0,33.0,1.0,12.0,1.0,2.0,7944.0,2.0
390,0.0,49966.0,3.0,107.0,22968.0,638.0,1.0,0.0,16.0,1.0,36.0,1.0,3.0,4243.0,4.0
362,1.0,117838.0,5.0,100.0,59760.0,2490.0,0.0,3.0,74.0,2.0,24.0,1.0,6.0,10337.0,2.0
615,0.0,20976.0,1.0,131.0,31260.0,2605.0,1.0,0.0,36.0,2.0,12.0,1.0,3.0,9347.0,2.0
483,0.0,37436.0,1.0,94.0,36204.0,3017.0,1.0,0.0,50.0,1.0,12.0,0.0,3.0,3017.2,1.0
268,0.0,35160.0,2.0,110.0,106944.0,4456.0,1.0,0.0,63.0,1.0,24.0,1.0,2.0,7489.0,4.0
449,0.0,73183.0,3.0,145.0,372120.0,6202.0,0.0,1.0,64.0,2.0,60.0,1.0,4.0,6202.0,1.0
46,0.0,13353.0,1.0,90.0,178500.0,2975.0,1.0,0.0,73.0,1.0,60.0,1.0,2.0,7604.0,4.0
261,1.0,42498.0,4.0,149.0,20220.0,1685.0,0.0,2.0,9.0,1.0,12.0,1.0,5.0,10407.8,2.0
195,0.0,30676.0,5.0,110.0,4980.0,415.0,1.0,0.0,63.0,1.0,12.0,1.0,6.0,5148.0,4.0
681,0.0,38531.0,3.0,109.0,129408.0,5392.0,1.0,0.0,67.0,1.0,24.0,1.0,4.0,10687.0,5.0
569,0.0,56024.0,1.0,167.0,157068.0,4363.0,1.0,0.0,1.0,1.0,36.0,1.0,2.0,11596.7,2.0
107,1.0,68320.0,1.0,118.0,290820.0,4847.0,0.0,1.0,5.0,1.0,60.0,1.0,2.0,8227.0,4.0
446,1.0,60101.0,5.0,100.0,51696.0,2154.0,0.0,6.0,74.0,1.0,24.0,1.0,6.0,2153.8,1.0
522,0.0,92040.0,5.0,145.0,227880.0,6330.0,1.0,0.0,64.0,2.0,36.0,1.0,6.0,6330.2,1.0
654,0.0,48417.0,4.0,97.0,314520.0,5242.0,1.0,0.0,44.0,1.0,60.0,1.0,5.0,15714.0,2.0
100,0.0,49270.0,3.0,118.0,162468.0,4513.0,1.0,0.0,32.0,2.0,36.0,1.0,3.0,8710.7,2.0
421,0.0,35762.0,5.0,167.0,80952.0,3373.0,1.0,0.0,1.0,2.0,24.0,1.0,6.0,10638.7,2.0
608,0.0,27021.0,2.0,110.0,239160.0,3986.0,1.0,0.0,27.0,1.0,60.0,1.0,3.0,9740.7,5.0
567,0.0,40111.0,2.0,106.0,18324.0,1527.0,1.0,0.0,59.0,2.0,12.0,1.0,3.0,9846.0,2.0
179,0.0,56126.0,4.0,167.0,15420.0,1285.0,1.0,0.0,1.0,1.0,12.0,1.0,6.0,7454.0,3.0
338,0.0,-4888.0,4.0,87.0,103680.0,1728.0,1.0,0.0,42.0,1.0,60.0,0.0,6.0,1728.0,1.0
149,0.0,20779.0,3.0,131.0,165120.0,2752.0,1.0,0.0,51.0,2.0,60.0,1.0,5.0,7734.0,2.0
124,0.0,-1579.0,5.0,109.0,299088.0,8308.0,1.0,0.0,67.0,1.0,36.0,0.0,6.0,14527.8,3.0
541,0.0,8332.0,3.0,110.0,29448.0,2454.0,1.0,0.0,72.0,1.0,12.0,0.0,3.0,2454.5,1.0
589,0.0,85701.0,4.0,132.0,331560.0,5526.0,0.0,3.0,2.0,2.0,60.0,1.0,6.0,13911.0,3.0
185,0.0,36337.0,1.0,124.0,30012.0,2501.0,1.0,0.0,48.0,1.0,12.0,1.0,3.0,2501.0,1.0
626,0.0,13695.0,5.0,167.0,482940.0,8049.0,1.0,0.0,1.0,1.0,60.0,0.0,6.0,15830.0,4.0
382,1.0,39933.0,1.0,130.0,38496.0,3208.0,0.0,1.0,7.0,1.0,12.0,1.0,2.0,3207.8,1.0
672,0.0,70406.0,2.0,167.0,89280.0,7440.0,1.0,0.0,1.0,1.0,12.0,1.0,2.0,17452.5,3.0
333,0.0,68045.0,5.0,116.0,83016.0,6918.0,0.0,1.0,57.0,1.0,12.0,1.0,6.0,13818.3,3.0
628,0.0,91701.0,1.0,137.0,133800.0,5575.0,1.0,0.0,12.0,1.0,24.0,1.0,2.0,15011.3,3.0
142,0.0,63982.0,3.0,81.0,49440.0,824.0,1.0,0.0,70.0,1.0,60.0,1.0,4.0,6443.0,4.0
141,1.0,75895.0,2.0,131.0,159744.0,3328.0,0.0,1.0,18.0,1.0,48.0,1.0,3.0,9166.2,3.0
381,0.0,24245.0,1.0,126.0,104964.0,8747.0,1.0,0.0,6.0,1.0,12.0,1.0,3.0,17353.0,2.0
19,0.0,78773.0,2.0,111.0,369000.0,6150.0,1.0,0.0,47.0,1.0,60.0,1.0,4.0,9818.5,4.0
172,1.0,85307.0,2.0,110.0,24792.0,1033.0,0.0,2.0,63.0,1.0,24.0,1.0,3.0,5724.0,3.0
645,0.0,56696.0,1.0,107.0,31140.0,519.0,1.0,0.0,76.0,1.0,60.0,1.0,2.0,519.0,1.0
312,0.0,95341.0,6.0,97.0,79608.0,3317.0,1.0,0.0,44.0,1.0,24.0,1.0,6.0,3317.0,1.0
634,0.0,41832.0,1.0,107.0,196224.0,4088.0,0.0,1.0,76.0,1.0,48.0,1.0,2.0,14444.0,2.0
12,0.0,71822.0,2.0,102.0,27456.0,2288.0,1.0,0.0,71.0,1.0,12.0,1.0,3.0,6985.3,4.0
305,1.0,88781.0,3.0,167.0,320976.0,6687.0,0.0,1.0,1.0,1.0,48.0,0.0,4.0,6687.0,1.0
25,0.0,38965.0,2.0,96.0,230400.0,3840.0,1.0,0.0,68.0,1.0,60.0,1.0,3.0,13567.2,5.0
503,1.0,31403.0,3.0,135.0,173016.0,4806.0,0.0,2.0,14.0,1.0,36.0,1.0,4.0,4806.5,1.0
169,0.0,45255.0,1.0,111.0,504000.0,8400.0,1.0,0.0,3.0,1.0,60.0,1.0,3.0,12647.0,2.0
462,0.0,61532.0,5.0,111.0,71460.0,5955.0,1.0,0.0,55.0,2.0,12.0,1.0,6.0,13223.0,2.0
396,0.0,40887.0,2.0,167.0,17184.0,1432.0,1.0,0.0,1.0,1.0,12.0,1.0,3.0,5424.0,4.0
245,0.0,24179.0,4.0,100.0,221280.0,4610.0,1.0,0.0,74.0,2.0,48.0,1.0,5.0,12412.0,2.0
298,1.0,65188.0,5.0,167.0,323472.0,6739.0,0.0,1.0,1.0,1.0,48.0,1.0,6.0,9746.7,2.0
420,0.0,30039.0,1.0,154.0,49044.0,4087.0,1.0,0.0,11.0,1.0,12.0,1.0,2.0,8689.8,2.0
272,0.0,74066.0,4.0,132.0,107640.0,4485.0,1.0,0.0,2.0,1.0,24.0,1.0,4.0,9926.0,3.0
154,0.0,30097.0,1.0,167.0,136344.0,5681.0,1.0,0.0,1.0,2.0,24.0,1.0,3.0,12748.0,2.0
126,1.0,81659.0,4.0,120.0,182040.0,3034.0,0.0,2.0,19.0,2.0,60.0,1.0,5.0,3034.0,1.0
534,0.0,13536.0,1.0,118.0,16032.0,334.0,1.0,0.0,32.0,1.0,48.0,1.0,2.0,9673.0,4.0
287,0.0,64557.0,2.0,116.0,289920.0,6040.0,0.0,1.0,33.0,1.0,48.0,1.0,3.0,6039.8,1.0
113,0.0,40944.0,2.0,140.0,83628.0,2323.0,1.0,0.0,54.0,1.0,36.0,1.0,3.0,2322.7,1.0
356,1.0,41691.0,1.0,128.0,321360.0,5356.0,0.0,1.0,24.0,1.0,60.0,1.0,3.0,15964.0,2.0
173,0.0,49708.0,1.0,102.0,88608.0,7384.0,1.0,0.0,66.0,2.0,12.0,1.0,3.0,7384.0,1.0
344,0.0,32882.0,2.0,118.0,177804.0,4939.0,1.0,0.0,5.0,1.0,36.0,1.0,3.0,4939.0,1.0
57,0.0,21785.0,1.0,132.0,50976.0,1416.0,1.0,0.0,45.0,1.0,36.0,1.0,3.0,8532.0,4.0
428,0.0,33509.0,4.0,110.0,288468.0,8013.0,1.0,0.0,63.0,1.0,36.0,1.0,5.0,8013.0,1.0
222,0.0,45527.0,1.0,123.0,133848.0,5577.0,1.0,0.0,37.0,1.0,24.0,1.0,3.0,5577.3,1.0
280,0.0,22870.0,3.0,111.0,213300.0,5925.0,1.0,0.0,47.0,1.0,36.0,1.0,4.0,10719.0,2.0
17,0.0,24213.0,1.0,135.0,91248.0,1901.0,1.0,0.0,14.0,1.0,48.0,1.0,2.0,1901.0,1.0
393,0.0,46145.0,1.0,104.0,64860.0,1081.0,1.0,0.0,38.0,1.0,60.0,1.0,3.0,4549.0,4.0
322,0.0,94420.0,6.0,128.0,174744.0,7281.0,1.0,0.0,24.0,1.0,24.0,0.0,6.0,7281.3,1.0
255,0.0,60686.0,2.0,132.0,93960.0,1566.0,1.0,0.0,45.0,1.0,60.0,1.0,4.0,10619.0,3.0
430,0.0,17114.0,4.0,125.0,41952.0,3496.0,1.0,0.0,43.0,1.0,12.0,1.0,5.0,7603.8,4.0
652,0.0,21182.0,1.0,113.0,152460.0,2541.0,1.0,0.0,25.0,1.0,60.0,1.0,2.0,13697.8,5.0
190,0.0,57645.0,2.0,100.0,68124.0,5677.0,1.0,0.0,74.0,1.0,12.0,1.0,3.0,13874.0,2.0
424,0.0,41656.0,1.0,120.0,110736.0,2307.0,1.0,0.0,19.0,1.0,48.0,1.0,2.0,9666.8,4.0
635,0.0,44225.0,1.0,167.0,45720.0,3810.0,1.0,0.0,1.0,1.0,12.0,1.0,2.0,7462.0,3.0
620,1.0,50339.0,1.0,167.0,194280.0,3238.0,0.0,1.0,1.0,1.0,60.0,1.0,3.0,7595.0,5.0
94,0.0,59939.0,5.0,96.0,239460.0,3991.0,1.0,0.0,68.0,1.0,60.0,1.0,6.0,14941.8,3.0
180,0.0,69241.0,3.0,106.0,253512.0,7042.0,1.0,0.0,59.0,1.0,36.0,0.0,3.0,7042.0,1.0
301,0.0,18190.0,1.0,118.0,22356.0,621.0,1.0,0.0,5.0,1.0,36.0,1.0,2.0,4882.0,2.0
660,0.0,49771.0,2.0,118.0,48096.0,2004.0,1.0,0.0,32.0,1.0,24.0,1.0,3.0,5803.2,2.0
494,0.0,42104.0,4.0,120.0,266220.0,4437.0,1.0,0.0,20.0,1.0,60.0,1.0,5.0,12286.0,4.0
439,0.0,30234.0,1.0,97.0,42384.0,3532.0,1.0,0.0,40.0,1.0,12.0,1.0,3.0,6934.0,3.0
436,0.0,53221.0,4.0,167.0,31728.0,1322.0,1.0,0.0,1.0,2.0,24.0,1.0,6.0,7342.0,2.0
642,0.0,37654.0,1.0,117.0,339168.0,7066.0,1.0,0.0,46.0,1.0,48.0,1.0,2.0,10794.0,2.0
5,0.0,39710.0,3.0,107.0,165960.0,6915.0,1.0,0.0,16.0,1.0,24.0,1.0,5.0,13753.0,3.0
45,0.0,44584.0,4.0,167.0,87216.0,1817.0,1.0,0.0,1.0,1.0,48.0,1.0,6.0,6147.0,4.0
593,0.0,53811.0,1.0,145.0,210744.0,5854.0,1.0,0.0,64.0,1.0,36.0,1.0,2.0,15005.2,2.0
515,0.0,85428.0,4.0,145.0,33984.0,708.0,1.0,0.0,64.0,1.0,48.0,1.0,5.0,708.0,1.0
624,0.0,48986.0,4.0,132.0,60000.0,1000.0,1.0,0.0,45.0,1.0,60.0,1.0,6.0,5910.0,3.0
16,1.0,42459.0,1.0,102.0,112752.0,3132.0,0.0,1.0,71.0,1.0,36.0,1.0,3.0,6935.0,2.0
48,0.0,29723.0,1.0,81.0,22260.0,371.0,1.0,0.0,70.0,1.0,60.0,1.0,2.0,3653.0,2.0
658,0.0,85132.0,6.0,110.0,274740.0,4579.0,0.0,4.0,63.0,1.0,60.0,1.0,6.0,14834.0,3.0
623,0.0,96741.0,5.0,102.0,151560.0,6315.0,0.0,1.0,66.0,1.0,24.0,1.0,6.0,16449.0,2.0
3,0.0,45905.0,1.0,120.0,318480.0,5308.0,1.0,0.0,20.0,1.0,60.0,0.0,2.0,10305.5,4.0
434,0.0,33623.0,2.0,107.0,130464.0,2718.0,1.0,0.0,16.0,1.0,48.0,1.0,3.0,8742.0,5.0
398,0.0,18028.0,2.0,115.0,49320.0,1370.0,1.0,0.0,60.0,1.0,36.0,1.0,3.0,5935.0,3.0
316,0.0,19937.0,2.0,112.0,90180.0,2505.0,1.0,0.0,28.0,1.0,36.0,1.0,3.0,6835.8,2.0
627,0.0,31107.0,1.0,81.0,267600.0,5575.0,1.0,0.0,70.0,1.0,48.0,1.0,3.0,5575.3,1.0
283,1.0,81623.0,6.0,135.0,117024.0,4876.0,0.0,3.0,14.0,1.0,24.0,1.0,6.0,4875.8,1.0
485,0.0,62967.0,6.0,123.0,87840.0,3660.0,1.0,0.0,13.0,2.0,24.0,1.0,6.0,8796.8,5.0
285,0.0,66597.0,5.0,94.0,143904.0,5996.0,1.0,0.0,50.0,1.0,24.0,1.0,6.0,9483.2,3.0
399,0.0,79937.0,1.0,111.0,139488.0,5812.0,1.0,0.0,3.0,1.0,24.0,1.0,2.0,5811.7,1.0
225,0.0,70457.0,1.0,167.0,63576.0,5298.0,1.0,0.0,1.0,1.0,12.0,1.0,2.0,5297.7,1.0
26,0.0,29030.0,5.0,115.0,252060.0,4201.0,1.0,0.0,60.0,1.0,60.0,0.0,6.0,12584.2,3.0
537,0.0,62583.0,1.0,145.0,69600.0,1450.0,1.0,0.0,64.0,2.0,48.0,1.0,3.0,10735.0,5.0
263,1.0,63446.0,1.0,167.0,66696.0,2779.0,0.0,1.0,1.0,1.0,24.0,1.0,2.0,15038.7,2.0
50,1.0,78486.0,4.0,109.0,189060.0,3151.0,0.0,2.0,4.0,1.0,60.0,1.0,5.0,9091.0,2.0
364,0.0,61289.0,2.0,109.0,247920.0,5165.0,1.0,0.0,67.0,1.0,48.0,0.0,3.0,5165.2,1.0
229,0.0,29352.0,4.0,108.0,158976.0,3312.0,1.0,0.0,52.0,1.0,48.0,1.0,6.0,8860.0,4.0
37,0.0,20757.0,4.0,90.0,73056.0,1522.0,1.0,0.0,39.0,2.0,48.0,1.0,4.0,5316.0,3.0
157,0.0,63347.0,6.0,110.0,93888.0,2608.0,1.0,0.0,63.0,1.0,36.0,1.0,6.0,13331.2,2.0
237,0.0,51977.0,5.0,96.0,244560.0,4076.0,1.0,0.0,58.0,1.0,60.0,1.0,6.0,16081.5,2.0
653,0.0,58306.0,5.0,123.0,197748.0,5493.0,1.0,0.0,13.0,2.0,36.0,1.0,6.0,13010.0,2.0
374,0.0,27214.0,5.0,81.0,36684.0,3057.0,1.0,0.0,70.0,1.0,12.0,1.0,6.0,3057.0,1.0
370,0.0,36829.0,3.0,111.0,270384.0,5633.0,1.0,0.0,3.0,1.0,48.0,1.0,4.0,18708.8,2.0
175,0.0,43198.0,1.0,87.0,390000.0,8125.0,1.0,0.0,42.0,1.0,48.0,1.0,2.0,22704.3,3.0
576,0.0,26525.0,3.0,104.0,176148.0,4893.0,1.0,0.0,38.0,1.0,36.0,1.0,3.0,10076.0,2.0
480,0.0,58866.0,4.0,131.0,29784.0,1241.0,1.0,0.0,26.0,2.0,24.0,1.0,4.0,5827.0,3.0
194,0.0,40639.0,2.0,100.0,146064.0,6086.0,1.0,0.0,74.0,1.0,24.0,1.0,3.0,17174.2,4.0
578,0.0,38902.0,4.0,107.0,139536.0,5814.0,1.0,0.0,61.0,1.0,24.0,1.0,6.0,16534.5,2.0
586,0.0,38073.0,4.0,111.0,126600.0,5275.0,1.0,0.0,47.0,1.0,24.0,1.0,6.0,5274.7,1.0
411,0.0,30364.0,3.0,137.0,74124.0,2059.0,1.0,0.0,12.0,1.0,36.0,1.0,4.0,5921.0,4.0
456,1.0,90366.0,4.0,100.0,21852.0,607.0,0.0,3.0,34.0,1.0,36.0,1.0,4.0,9564.0,5.0
657,0.0,57638.0,6.0,131.0,154416.0,3217.0,1.0,0.0,18.0,1.0,48.0,1.0,6.0,3216.7,1.0
644,0.0,75280.0,2.0,99.0,45768.0,3814.0,1.0,0.0,75.0,2.0,12.0,1.0,3.0,17756.7,4.0
584,1.0,64330.0,3.0,108.0,133968.0,2791.0,0.0,3.0,52.0,2.0,48.0,1.0,4.0,15482.0,4.0
67,0.0,27961.0,2.0,111.0,74772.0,2077.0,1.0,0.0,55.0,1.0,36.0,1.0,3.0,6239.3,2.0
426,0.0,17416.0,5.0,108.0,63312.0,1319.0,1.0,0.0,31.0,1.0,48.0,1.0,6.0,4096.0,3.0
168,0.0,31046.0,5.0,141.0,272520.0,4542.0,1.0,0.0,10.0,2.0,60.0,1.0,6.0,10449.0,2.0
432,0.0,79314.0,4.0,110.0,309600.0,6450.0,1.0,0.0,72.0,1.0,48.0,1.0,4.0,6450.2,1.0
162,0.0,75483.0,2.0,116.0,335280.0,6985.0,1.0,0.0,57.0,1.0,48.0,1.0,3.0,10093.3,3.0
309,0.0,66574.0,3.0,145.0,276300.0,4605.0,1.0,0.0,64.0,1.0,60.0,1.0,4.0,8555.0,2.0
193,0.0,37235.0,2.0,111.0,19248.0,1604.0,1.0,0.0,3.0,2.0,12.0,1.0,3.0,10853.0,2.0
570,0.0,66508.0,4.0,108.0,104712.0,4363.0,1.0,0.0,31.0,2.0,24.0,1.0,5.0,17748.7,2.0
365,0.0,94873.0,5.0,100.0,398640.0,6644.0,1.0,0.0,74.0,1.0,60.0,1.0,6.0,6643.7,1.0
383,1.0,43707.0,2.0,100.0,76992.0,3208.0,0.0,1.0,74.0,1.0,24.0,1.0,3.0,3207.8,1.0
613,1.0,77687.0,3.0,135.0,421008.0,8771.0,0.0,1.0,14.0,1.0,48.0,1.0,3.0,18673.0,2.0
479,0.0,79298.0,2.0,124.0,238716.0,6631.0,1.0,0.0,48.0,1.0,36.0,1.0,3.0,18316.7,3.0
152,0.0,91530.0,3.0,145.0,360000.0,7500.0,1.0,0.0,64.0,1.0,48.0,1.0,5.0,7500.0,1.0
680,1.0,75200.0,3.0,107.0,54024.0,4502.0,0.0,4.0,61.0,1.0,12.0,1.0,5.0,9274.3,3.0
447,0.0,54416.0,4.0,108.0,27984.0,2332.0,1.0,0.0,52.0,1.0,12.0,1.0,5.0,10549.0,2.0
226,0.0,85376.0,2.0,140.0,84600.0,2350.0,1.0,0.0,54.0,1.0,36.0,0.0,3.0,2349.5,1.0
552,0.0,111645.0,5.0,81.0,41904.0,3492.0,1.0,0.0,70.0,1.0,12.0,1.0,6.0,10880.5,3.0
547,0.0,109183.0,6.0,154.0,86616.0,7218.0,1.0,0.0,11.0,1.0,12.0,1.0,6.0,11733.0,3.0
103,0.0,33866.0,1.0,81.0,55632.0,2318.0,1.0,0.0,70.0,1.0,24.0,1.0,2.0,2317.5,1.0
650,1.0,64538.0,2.0,118.0,57120.0,1190.0,0.0,1.0,32.0,1.0,48.0,1.0,3.0,5811.0,3.0
517,0.0,64740.0,4.0,167.0,125340.0,2089.0,1.0,0.0,1.0,1.0,60.0,1.0,5.0,5801.8,2.0
74,0.0,74175.0,1.0,120.0,125472.0,5228.0,1.0,0.0,19.0,2.0,24.0,1.0,2.0,20109.7,2.0
115,1.0,86688.0,2.0,100.0,214596.0,5961.0,0.0,1.0,74.0,2.0,36.0,1.0,2.0,19589.0,2.0
407,0.0,22345.0,1.0,116.0,194160.0,4045.0,1.0,0.0,57.0,1.0,48.0,1.0,3.0,11885.0,5.0
656,0.0,79062.0,3.0,107.0,115812.0,3217.0,1.0,0.0,16.0,1.0,36.0,1.0,4.0,3216.7,1.0
119,0.0,31578.0,1.0,87.0,23328.0,1944.0,1.0,0.0,42.0,2.0,12.0,1.0,2.0,11712.0,2.0
53,0.0,56594.0,4.0,132.0,204000.0,3400.0,1.0,0.0,45.0,1.0,60.0,1.0,5.0,10485.5,2.0
151,0.0,20174.0,1.0,167.0,428784.0,8933.0,1.0,0.0,1.0,2.0,48.0,1.0,3.0,12954.0,4.0
403,0.0,64959.0,3.0,104.0,96768.0,2688.0,1.0,0.0,38.0,2.0,36.0,1.0,4.0,15854.5,2.0
641,0.0,50910.0,3.0,167.0,68832.0,1912.0,1.0,0.0,1.0,1.0,36.0,1.0,4.0,7347.0,2.0
207,0.0,74336.0,2.0,99.0,14028.0,1169.0,1.0,0.0,53.0,1.0,12.0,1.0,4.0,6265.0,3.0
647,0.0,7611.0,1.0,107.0,140688.0,2931.0,1.0,0.0,16.0,2.0,48.0,1.0,2.0,2931.0,1.0
470,1.0,101804.0,5.0,100.0,140400.0,3900.0,0.0,2.0,74.0,1.0,36.0,1.0,6.0,3900.5,1.0
452,0.0,28780.0,5.0,115.0,189696.0,7904.0,1.0,0.0,60.0,1.0,24.0,0.0,5.0,11584.8,3.0
527,0.0,18085.0,2.0,111.0,50112.0,2088.0,1.0,0.0,47.0,1.0,24.0,1.0,2.0,7106.0,4.0
8,1.0,17221.0,1.0,123.0,352704.0,7348.0,0.0,1.0,21.0,1.0,48.0,1.0,2.0,7348.0,1.0
506,0.0,18629.0,5.0,100.0,230220.0,6395.0,1.0,0.0,74.0,1.0,36.0,0.0,6.0,15843.8,3.0
36,0.0,45646.0,1.0,123.0,156096.0,4336.0,1.0,0.0,21.0,1.0,36.0,1.0,2.0,11730.8,2.0
139,0.0,44533.0,4.0,96.0,99336.0,4139.0,1.0,0.0,68.0,1.0,24.0,1.0,5.0,8862.0,2.0
253,0.0,23779.0,3.0,90.0,66480.0,2770.0,1.0,0.0,73.0,1.0,24.0,0.0,4.0,2770.3,1.0
303,0.0,24099.0,2.0,99.0,399120.0,6652.0,1.0,0.0,75.0,1.0,60.0,1.0,3.0,6652.5,1.0
513,0.0,21926.0,2.0,81.0,33144.0,2762.0,1.0,0.0,70.0,2.0,12.0,1.0,2.0,9154.0,4.0
516,0.0,66384.0,1.0,167.0,74352.0,3098.0,1.0,0.0,1.0,1.0,24.0,1.0,3.0,10195.0,2.0
368,0.0,73347.0,3.0,145.0,85632.0,1784.0,1.0,0.0,64.0,1.0,48.0,1.0,4.0,1784.5,1.0
59,0.0,930.0,5.0,120.0,192552.0,8023.0,1.0,0.0,20.0,1.0,24.0,0.0,6.0,8022.8,1.0
111,0.0,11414.0,1.0,123.0,271260.0,4521.0,1.0,0.0,37.0,1.0,60.0,1.0,2.0,11365.0,2.0
543,0.0,27104.0,1.0,113.0,82128.0,3422.0,1.0,0.0,29.0,1.0,24.0,1.0,2.0,3421.5,1.0
486,0.0,72583.0,2.0,106.0,8616.0,359.0,1.0,0.0,59.0,1.0,24.0,1.0,3.0,8228.0,3.0
675,0.0,19683.0,2.0,118.0,67320.0,1870.0,1.0,0.0,5.0,1.0,36.0,1.0,4.0,10558.3,4.0
262,1.0,52117.0,3.0,110.0,64656.0,1347.0,0.0,1.0,27.0,2.0,48.0,1.0,3.0,5412.0,2.0
572,0.0,77032.0,4.0,105.0,244368.0,5091.0,1.0,0.0,65.0,1.0,48.0,1.0,5.0,5091.3,1.0
297,0.0,31798.0,2.0,110.0,53232.0,1109.0,1.0,0.0,72.0,1.0,48.0,1.0,4.0,4650.0,3.0
414,0.0,82340.0,1.0,130.0,99744.0,4156.0,1.0,0.0,7.0,1.0,24.0,1.0,2.0,12245.5,2.0
150,0.0,47061.0,2.0,126.0,466608.0,9721.0,1.0,0.0,6.0,1.0,48.0,1.0,4.0,9721.0,1.0
433,0.0,23779.0,2.0,106.0,153504.0,3198.0,1.0,0.0,59.0,1.0,48.0,1.0,3.0,10074.8,3.0
440,0.0,80447.0,2.0,117.0,390096.0,8127.0,0.0,1.0,46.0,2.0,48.0,1.0,3.0,17524.0,2.0
266,1.0,77200.0,2.0,113.0,87528.0,3647.0,0.0,1.0,77.0,2.0,24.0,1.0,3.0,3647.0,1.0
591,0.0,66212.0,3.0,115.0,89340.0,1489.0,1.0,0.0,60.0,2.0,60.0,1.0,4.0,6505.0,2.0
359,0.0,29604.0,2.0,113.0,26208.0,728.0,1.0,0.0,29.0,1.0,36.0,1.0,2.0,3883.0,2.0
603,0.0,12250.0,5.0,90.0,215388.0,5983.0,1.0,0.0,39.0,1.0,36.0,0.0,6.0,5983.0,1.0
38,1.0,29046.0,5.0,140.0,208128.0,4336.0,0.0,4.0,54.0,1.0,48.0,0.0,6.0,4335.8,1.0
127,1.0,54973.0,4.0,108.0,92976.0,3874.0,0.0,2.0,31.0,2.0,24.0,1.0,5.0,17259.7,2.0
423,0.0,26030.0,2.0,96.0,30276.0,2523.0,1.0,0.0,68.0,1.0,12.0,1.0,3.0,10614.2,4.0
416,0.0,52850.0,3.0,118.0,155640.0,6485.0,1.0,0.0,5.0,1.0,24.0,1.0,4.0,12765.0,5.0
307,0.0,36308.0,5.0,113.0,173808.0,7242.0,1.0,0.0,77.0,2.0,24.0,1.0,6.0,7242.0,1.0
198,0.0,27524.0,2.0,87.0,207264.0,4318.0,1.0,0.0,42.0,2.0,48.0,1.0,3.0,4318.0,1.0
351,0.0,75746.0,4.0,111.0,28248.0,1177.0,0.0,2.0,47.0,1.0,24.0,1.0,6.0,1177.0,1.0
477,1.0,106119.0,3.0,123.0,155880.0,6495.0,0.0,1.0,37.0,2.0,24.0,1.0,5.0,14799.8,2.0
146,0.0,71271.0,2.0,108.0,293160.0,4886.0,1.0,0.0,52.0,1.0,60.0,1.0,3.0,4886.0,1.0
450,0.0,23724.0,3.0,120.0,189696.0,7904.0,1.0,0.0,19.0,2.0,24.0,1.0,4.0,11843.8,4.0
631,0.0,36729.0,4.0,114.0,198240.0,8260.0,1.0,0.0,41.0,1.0,24.0,1.0,4.0,15563.0,2.0
512,0.0,14675.0,1.0,99.0,170700.0,2845.0,1.0,0.0,53.0,1.0,60.0,1.0,2.0,2845.0,1.0
419,0.0,40855.0,2.0,81.0,73260.0,1221.0,1.0,0.0,70.0,1.0,60.0,1.0,3.0,9996.0,3.0
442,0.0,86326.0,1.0,94.0,220440.0,3674.0,1.0,0.0,50.0,1.0,60.0,1.0,3.0,12091.7,2.0
605,0.0,64879.0,1.0,100.0,22104.0,1842.0,1.0,0.0,34.0,1.0,12.0,1.0,2.0,7913.0,3.0
147,0.0,43892.0,3.0,105.0,200976.0,4187.0,1.0,0.0,65.0,1.0,48.0,1.0,4.0,13741.3,2.0
536,0.0,31682.0,1.0,131.0,163332.0,4537.0,1.0,0.0,18.0,1.0,36.0,1.0,2.0,4537.3,1.0
348,1.0,62438.0,1.0,110.0,78720.0,1640.0,0.0,1.0,27.0,1.0,48.0,1.0,2.0,6325.0,2.0
463,0.0,27610.0,2.0,140.0,473280.0,7888.0,1.0,0.0,54.0,1.0,60.0,0.0,3.0,7887.7,1.0
325,1.0,95113.0,2.0,116.0,349392.0,7279.0,0.0,2.0,57.0,1.0,48.0,1.0,4.0,13621.3,2.0
186,1.0,65364.0,4.0,106.0,177744.0,3703.0,0.0,3.0,59.0,1.0,48.0,0.0,6.0,3702.8,1.0
123,1.0,72725.0,5.0,107.0,170256.0,7094.0,0.0,4.0,16.0,1.0,24.0,1.0,6.0,13016.0,2.0
577,0.0,59247.0,1.0,167.0,279072.0,5814.0,1.0,0.0,1.0,2.0,48.0,1.0,3.0,5813.5,1.0
96,1.0,31577.0,6.0,135.0,105804.0,2939.0,0.0,1.0,14.0,1.0,36.0,1.0,6.0,9932.7,2.0
143,0.0,15261.0,4.0,112.0,156672.0,4352.0,1.0,0.0,28.0,1.0,36.0,1.0,5.0,8965.0,2.0
239,0.0,50936.0,2.0,145.0,164196.0,4561.0,1.0,0.0,64.0,1.0,36.0,1.0,3.0,9358.0,2.0
394,0.0,33024.0,4.0,110.0,137880.0,2298.0,1.0,0.0,72.0,1.0,60.0,0.0,6.0,2298.2,1.0
469,1.0,64750.0,3.0,149.0,93600.0,3900.0,0.0,1.0,9.0,1.0,24.0,1.0,4.0,8815.5,4.0
545,0.0,15192.0,1.0,131.0,191580.0,3193.0,1.0,0.0,51.0,1.0,60.0,1.0,2.0,6141.0,3.0
97,1.0,75553.0,3.0,120.0,396120.0,6602.0,0.0,2.0,19.0,1.0,60.0,1.0,4.0,6601.7,1.0
371,0.0,70539.0,5.0,137.0,17508.0,1459.0,0.0,1.0,12.0,1.0,12.0,1.0,6.0,1459.0,1.0
324,0.0,22118.0,2.0,110.0,78696.0,2186.0,1.0,0.0,72.0,1.0,36.0,1.0,2.0,5793.0,5.0
279,0.0,98264.0,3.0,108.0,141648.0,5902.0,1.0,0.0,52.0,2.0,24.0,1.0,3.0,10187.2,2.0
293,0.0,16017.0,3.0,99.0,110112.0,4588.0,1.0,0.0,53.0,1.0,24.0,1.0,4.0,13880.5,2.0
254,0.0,31222.0,1.0,119.0,86184.0,2394.0,1.0,0.0,17.0,1.0,36.0,1.0,2.0,6950.5,2.0
400,0.0,41267.0,4.0,100.0,194880.0,4060.0,0.0,1.0,74.0,1.0,48.0,1.0,5.0,8644.5,2.0
122,0.0,38703.0,2.0,131.0,78600.0,3275.0,1.0,0.0,51.0,1.0,24.0,1.0,2.0,15767.8,2.0
183,0.0,50782.0,1.0,90.0,253560.0,4226.0,1.0,0.0,39.0,1.0,60.0,1.0,3.0,4226.5,1.0
202,0.0,46381.0,4.0,149.0,44088.0,1837.0,1.0,0.0,9.0,1.0,24.0,1.0,5.0,5210.0,2.0
438,0.0,55746.0,1.0,96.0,170448.0,3551.0,1.0,0.0,68.0,2.0,48.0,1.0,3.0,13180.0,2.0
323,0.0,83369.0,5.0,118.0,174744.0,7281.0,0.0,1.0,5.0,1.0,24.0,0.0,6.0,18478.3,4.0
246,0.0,31528.0,4.0,119.0,97224.0,4051.0,1.0,0.0,17.0,2.0,24.0,1.0,6.0,11276.0,3.0
415,0.0,83607.0,1.0,113.0,49872.0,4156.0,1.0,0.0,77.0,1.0,12.0,1.0,3.0,10137.5,5.0
197,0.0,107935.0,1.0,110.0,71820.0,1995.0,1.0,0.0,63.0,1.0,36.0,1.0,2.0,1995.0,1.0
551,0.0,85904.0,5.0,118.0,39576.0,3298.0,0.0,3.0,32.0,1.0,12.0,1.0,6.0,16808.3,3.0
568,0.0,91829.0,3.0,109.0,46176.0,962.0,1.0,0.0,62.0,1.0,48.0,1.0,3.0,10575.0,2.0
171,0.0,69951.0,1.0,120.0,41256.0,3438.0,0.0,2.0,19.0,2.0,12.0,1.0,3.0,11994.0,5.0
602,0.0,72453.0,5.0,111.0,121896.0,5079.0,1.0,0.0,55.0,1.0,24.0,1.0,6.0,5079.0,1.0
129,0.0,-1454.0,3.0,90.0,139464.0,3874.0,1.0,0.0,73.0,1.0,36.0,0.0,4.0,3873.7,1.0
125,0.0,108556.0,2.0,149.0,53472.0,4456.0,1.0,0.0,9.0,2.0,12.0,1.0,3.0,4456.0,1.0
402,1.0,59095.0,2.0,131.0,475680.0,9910.0,0.0,1.0,36.0,2.0,48.0,1.0,3.0,18471.0,2.0
539,0.0,34947.0,1.0,112.0,215040.0,3584.0,1.0,0.0,28.0,1.0,60.0,1.0,2.0,3583.7,1.0
531,1.0,59088.0,5.0,96.0,189300.0,3155.0,0.0,3.0,58.0,1.0,60.0,1.0,6.0,7083.0,3.0
219,0.0,56200.0,1.0,167.0,74916.0,2081.0,1.0,0.0,1.0,1.0,36.0,1.0,3.0,13412.8,3.0
618,0.0,50991.0,6.0,111.0,21924.0,609.0,1.0,0.0,55.0,2.0,36.0,1.0,6.0,6871.0,2.0
519,0.0,40138.0,1.0,167.0,566640.0,9444.0,1.0,0.0,1.0,2.0,60.0,1.0,2.0,17216.0,5.0
621,0.0,62005.0,3.0,90.0,123408.0,5142.0,0.0,3.0,39.0,1.0,24.0,1.0,4.0,20024.0,5.0
526,0.0,58007.0,3.0,110.0,155616.0,3242.0,1.0,0.0,72.0,2.0,48.0,1.0,4.0,6660.0,3.0
386,0.0,99984.0,4.0,107.0,60156.0,1671.0,1.0,0.0,16.0,1.0,36.0,0.0,4.0,7176.0,3.0
659,0.0,108204.0,4.0,167.0,168984.0,7041.0,1.0,0.0,1.0,1.0,24.0,0.0,6.0,7040.7,1.0
509,0.0,37613.0,1.0,115.0,240900.0,4015.0,1.0,0.0,60.0,1.0,60.0,1.0,2.0,12934.0,2.0
267,0.0,42052.0,3.0,109.0,402000.0,6700.0,1.0,0.0,4.0,1.0,60.0,1.0,4.0,10082.0,3.0
441,0.0,25288.0,2.0,167.0,94488.0,3937.0,1.0,0.0,1.0,1.0,24.0,1.0,3.0,12797.3,3.0
496,0.0,35896.0,5.0,119.0,21072.0,878.0,1.0,0.0,17.0,1.0,24.0,1.0,6.0,5206.0,3.0
112,1.0,35805.0,3.0,81.0,86184.0,7182.0,0.0,1.0,70.0,1.0,12.0,1.0,3.0,10425.5,3.0
232,0.0,93376.0,1.0,126.0,151200.0,4200.0,1.0,0.0,6.0,1.0,36.0,1.0,2.0,18648.2,2.0
590,0.0,45652.0,4.0,167.0,36168.0,3014.0,1.0,0.0,1.0,1.0,12.0,1.0,4.0,15812.5,4.0
373,0.0,13393.0,3.0,108.0,72408.0,3017.0,1.0,0.0,31.0,1.0,24.0,0.0,4.0,17875.7,4.0
233,0.0,384.0,2.0,94.0,100800.0,4200.0,1.0,0.0,50.0,1.0,24.0,0.0,3.0,15595.2,4.0
554,0.0,31535.0,2.0,106.0,188616.0,7859.0,1.0,0.0,59.0,2.0,24.0,1.0,4.0,18099.0,2.0
317,0.0,68246.0,2.0,109.0,68340.0,1139.0,1.0,0.0,4.0,1.0,60.0,1.0,4.0,10330.0,2.0
410,0.0,16889.0,5.0,111.0,48672.0,1352.0,1.0,0.0,55.0,2.0,36.0,1.0,6.0,4250.0,5.0
607,0.0,82176.0,2.0,104.0,44304.0,1846.0,1.0,0.0,38.0,1.0,24.0,1.0,3.0,6120.0,3.0
358,0.0,5057.0,2.0,126.0,360864.0,7518.0,1.0,0.0,6.0,1.0,48.0,0.0,3.0,7518.0,1.0
258,1.0,88143.0,1.0,96.0,81144.0,2254.0,0.0,1.0,68.0,1.0,36.0,1.0,2.0,12732.5,2.0
282,0.0,60869.0,2.0,118.0,76080.0,6340.0,0.0,3.0,5.0,1.0,12.0,1.0,3.0,15676.3,3.0
376,0.0,19887.0,2.0,167.0,34572.0,2881.0,1.0,0.0,1.0,1.0,12.0,1.0,3.0,2881.0,1.0
384,0.0,61620.0,5.0,104.0,212400.0,5900.0,1.0,0.0,38.0,1.0,36.0,1.0,6.0,5900.0,1.0
224,0.0,54475.0,2.0,110.0,107352.0,2982.0,1.0,0.0,27.0,1.0,36.0,1.0,3.0,16410.5,2.0
646,0.0,98820.0,2.0,100.0,67464.0,5622.0,1.0,0.0,34.0,1.0,12.0,1.0,3.0,5622.5,1.0
556,0.0,26220.0,5.0,167.0,120888.0,3358.0,1.0,0.0,1.0,1.0,36.0,1.0,6.0,6583.0,2.0
472,0.0,90064.0,5.0,128.0,49320.0,4110.0,1.0,0.0,24.0,1.0,12.0,0.0,6.0,16372.0,3.0
347,0.0,30124.0,5.0,124.0,87216.0,1817.0,1.0,0.0,15.0,1.0,48.0,0.0,6.0,1817.3,1.0
505,0.0,48297.0,4.0,96.0,76680.0,3195.0,1.0,0.0,68.0,2.0,24.0,1.0,6.0,15848.0,3.0
671,0.0,84780.0,3.0,137.0,392460.0,6541.0,0.0,1.0,12.0,2.0,60.0,1.0,5.0,16351.2,2.0
629,0.0,28240.0,3.0,111.0,417600.0,6960.0,0.0,3.0,55.0,1.0,60.0,1.0,4.0,6959.8,1.0
579,0.0,38854.0,1.0,107.0,88200.0,2450.0,1.0,0.0,76.0,2.0,36.0,1.0,2.0,6134.2,2.0
85,1.0,54674.0,3.0,96.0,141948.0,3943.0,0.0,1.0,68.0,1.0,36.0,1.0,3.0,13585.0,2.0
242,1.0,62483.0,2.0,100.0,100128.0,4172.0,0.0,1.0,74.0,1.0,24.0,1.0,3.0,10307.0,2.0
159,1.0,77686.0,1.0,108.0,69624.0,1934.0,0.0,1.0,52.0,1.0,36.0,1.0,2.0,5658.0,4.0
524,0.0,21367.0,3.0,81.0,100224.0,2088.0,1.0,0.0,70.0,1.0,48.0,0.0,4.0,2088.0,1.0
35,1.0,43653.0,2.0,167.0,76944.0,6412.0,0.0,1.0,1.0,1.0,12.0,1.0,3.0,20301.0,4.0
540,0.0,34318.0,6.0,132.0,127080.0,2118.0,1.0,0.0,45.0,1.0,60.0,1.0,6.0,10591.3,4.0
170,0.0,32824.0,5.0,167.0,31248.0,2604.0,1.0,0.0,1.0,1.0,12.0,1.0,6.0,2604.5,1.0
581,0.0,39012.0,2.0,140.0,116040.0,1934.0,1.0,0.0,54.0,2.0,60.0,1.0,2.0,6956.0,3.0
573,0.0,13166.0,2.0,154.0,59448.0,2477.0,1.0,0.0,11.0,1.0,24.0,1.0,3.0,2476.8,1.0
640,1.0,54988.0,5.0,108.0,115992.0,3222.0,0.0,2.0,31.0,1.0,36.0,1.0,6.0,11449.5,3.0
95,0.0,105344.0,1.0,111.0,143676.0,3991.0,1.0,0.0,55.0,1.0,36.0,1.0,3.0,14445.8,4.0
240,0.0,40027.0,2.0,107.0,51360.0,4280.0,1.0,0.0,61.0,1.0,12.0,0.0,3.0,4280.0,1.0
460,0.0,69131.0,3.0,124.0,84120.0,3505.0,1.0,0.0,69.0,1.0,24.0,1.0,3.0,3505.0,1.0
553,1.0,30115.0,5.0,154.0,52128.0,2172.0,0.0,4.0,11.0,1.0,24.0,1.0,6.0,2172.0,1.0
595,1.0,66173.0,1.0,167.0,218064.0,4543.0,0.0,1.0,1.0,1.0,48.0,1.0,2.0,16324.7,3.0
206,0.0,27107.0,4.0,124.0,158760.0,2646.0,1.0,0.0,48.0,1.0,60.0,1.0,6.0,13649.5,4.0
392,0.0,42266.0,6.0,118.0,95400.0,2650.0,1.0,0.0,5.0,1.0,36.0,1.0,6.0,2650.2,1.0
397,0.0,29354.0,2.0,125.0,124344.0,3454.0,1.0,0.0,43.0,1.0,36.0,1.0,4.0,13770.0,4.0
574,0.0,6892.0,2.0,81.0,59448.0,2477.0,1.0,0.0,70.0,1.0,24.0,0.0,3.0,2476.8,1.0
217,0.0,30658.0,5.0,140.0,23052.0,1921.0,1.0,0.0,54.0,2.0,12.0,1.0,6.0,8861.0,5.0
4,0.0,44581.0,1.0,120.0,110736.0,2307.0,1.0,0.0,19.0,1.0,48.0,1.0,2.0,9666.8,4.0
606,0.0,33738.0,2.0,81.0,305424.0,6363.0,1.0,0.0,70.0,1.0,48.0,1.0,3.0,12524.3,3.0
546,1.0,74809.0,2.0,123.0,83280.0,1735.0,0.0,1.0,37.0,1.0,48.0,1.0,4.0,1735.0,1.0
98,1.0,93167.0,1.0,167.0,37944.0,1054.0,0.0,2.0,1.0,1.0,36.0,1.0,3.0,1054.0,1.0
406,0.0,30797.0,2.0,111.0,63972.0,1777.0,1.0,0.0,55.0,1.0,36.0,0.0,2.0,1776.7,1.0
502,1.0,41388.0,3.0,111.0,174048.0,3626.0,0.0,2.0,47.0,1.0,48.0,1.0,4.0,3626.0,1.0
47,0.0,81327.0,4.0,110.0,309552.0,6449.0,1.0,0.0,72.0,1.0,48.0,1.0,4.0,20740.0,2.0
32,1.0,111236.0,3.0,118.0,91152.0,3798.0,0.0,3.0,32.0,1.0,24.0,1.0,4.0,3798.2,1.0
200,0.0,100118.0,2.0,100.0,67464.0,5622.0,1.0,0.0,34.0,1.0,12.0,1.0,3.0,5622.5,1.0
134,0.0,74334.0,3.0,167.0,20196.0,561.0,1.0,0.0,1.0,1.0,36.0,1.0,4.0,6303.0,2.0
27,0.0,59978.0,1.0,113.0,84288.0,1756.0,1.0,0.0,29.0,1.0,48.0,1.0,3.0,7581.0,2.0
597,0.0,50284.0,2.0,109.0,233424.0,6484.0,1.0,0.0,4.0,1.0,36.0,1.0,3.0,18246.7,5.0
230,0.0,7062.0,4.0,154.0,137904.0,5746.0,1.0,0.0,11.0,1.0,24.0,0.0,4.0,5746.0,1.0
489,0.0,64922.0,5.0,113.0,89040.0,1484.0,1.0,0.0,77.0,2.0,60.0,1.0,6.0,8525.0,2.0
378,1.0,25535.0,2.0,94.0,150912.0,4192.0,0.0,1.0,50.0,2.0,36.0,1.0,3.0,4192.5,1.0
288,0.0,101522.0,2.0,115.0,150180.0,2503.0,1.0,0.0,60.0,1.0,60.0,1.0,3.0,11421.8,3.0
418,0.0,13988.0,1.0,119.0,152160.0,2536.0,1.0,0.0,17.0,2.0,60.0,1.0,3.0,11671.7,2.0
391,0.0,37531.0,2.0,130.0,127200.0,2650.0,1.0,0.0,35.0,1.0,48.0,1.0,3.0,15457.2,3.0
498,1.0,79561.0,4.0,132.0,85860.0,1431.0,0.0,3.0,2.0,1.0,60.0,1.0,5.0,5834.0,2.0
138,0.0,-2786.0,2.0,81.0,541200.0,9020.0,1.0,0.0,70.0,1.0,60.0,0.0,3.0,14286.0,5.0
62,0.0,18842.0,2.0,96.0,35904.0,748.0,1.0,0.0,68.0,1.0,48.0,1.0,3.0,4233.0,5.0
471,0.0,23794.0,5.0,108.0,208320.0,4340.0,1.0,0.0,31.0,2.0,48.0,1.0,6.0,4340.0,1.0
128,0.0,20342.0,4.0,100.0,185952.0,3874.0,1.0,0.0,34.0,1.0,48.0,1.0,5.0,8498.7,2.0
662,0.0,53050.0,3.0,106.0,148920.0,2482.0,1.0,0.0,59.0,1.0,60.0,1.0,3.0,13988.0,2.0
520,1.0,61459.0,2.0,110.0,186300.0,3105.0,0.0,1.0,63.0,1.0,60.0,1.0,3.0,11147.7,3.0
64,0.0,17649.0,3.0,109.0,182640.0,3805.0,1.0,0.0,62.0,1.0,48.0,1.0,3.0,13935.2,3.0
14,1.0,59376.0,1.0,104.0,160920.0,4470.0,0.0,1.0,38.0,1.0,36.0,1.0,2.0,9682.5,2.0
156,0.0,52447.0,1.0,90.0,231168.0,4816.0,0.0,2.0,73.0,1.0,48.0,1.0,3.0,9221.0,3.0
40,0.0,35296.0,5.0,107.0,24312.0,2026.0,1.0,0.0,16.0,1.0,12.0,1.0,6.0,2025.7,1.0
492,0.0,55337.0,4.0,113.0,417060.0,6951.0,1.0,0.0,29.0,2.0,60.0,1.0,6.0,13140.8,3.0
379,0.0,58992.0,4.0,107.0,43164.0,3597.0,1.0,0.0,61.0,1.0,12.0,1.0,5.0,3597.0,1.0
187,0.0,17262.0,3.0,113.0,222180.0,3703.0,1.0,0.0,29.0,1.0,60.0,0.0,4.0,3702.8,1.0
216,0.0,39898.0,3.0,130.0,63252.0,5271.0,1.0,0.0,7.0,1.0,12.0,1.0,5.0,10371.7,3.0
52,0.0,76546.0,1.0,81.0,188532.0,5237.0,1.0,0.0,70.0,1.0,36.0,1.0,3.0,5237.0,1.0
337,0.0,26698.0,1.0,167.0,99216.0,2756.0,1.0,0.0,1.0,2.0,36.0,1.0,2.0,12876.0,2.0
295,0.0,59671.0,3.0,123.0,61656.0,2569.0,1.0,0.0,13.0,1.0,24.0,0.0,4.0,9207.8,5.0
251,1.0,77160.0,5.0,115.0,192744.0,5354.0,0.0,2.0,60.0,2.0,36.0,1.0,6.0,5353.5,1.0
461,1.0,68382.0,2.0,131.0,42900.0,3575.0,0.0,2.0,51.0,2.0,12.0,1.0,4.0,15794.0,3.0
455,0.0,124543.0,3.0,108.0,72120.0,6010.0,0.0,2.0,52.0,2.0,12.0,1.0,4.0,6010.2,1.0
679,0.0,33978.0,4.0,167.0,419880.0,6998.0,1.0,0.0,1.0,2.0,60.0,1.0,4.0,17884.0,2.0
269,0.0,54270.0,2.0,81.0,162624.0,3388.0,1.0,0.0,70.0,1.0,48.0,1.0,4.0,12919.0,3.0
201,0.0,9836.0,1.0,107.0,140688.0,2931.0,1.0,0.0,16.0,2.0,48.0,1.0,2.0,2931.0,1.0
161,0.0,32257.0,2.0,131.0,66432.0,2768.0,1.0,0.0,26.0,2.0,24.0,1.0,3.0,9637.0,2.0
555,1.0,43012.0,2.0,167.0,99936.0,4164.0,0.0,2.0,1.0,1.0,24.0,1.0,4.0,10905.0,3.0
401,1.0,67784.0,5.0,114.0,25944.0,1081.0,0.0,2.0,41.0,1.0,24.0,1.0,6.0,1081.0,1.0
476,0.0,47755.0,2.0,106.0,99300.0,1655.0,1.0,0.0,59.0,1.0,60.0,1.0,4.0,8107.0,3.0
105,0.0,68037.0,5.0,167.0,205200.0,5700.0,1.0,0.0,1.0,1.0,36.0,1.0,6.0,18957.3,4.0
565,1.0,17757.0,2.0,149.0,341280.0,5688.0,0.0,2.0,9.0,1.0,60.0,1.0,3.0,5688.0,1.0
389,0.0,21735.0,2.0,107.0,116496.0,4854.0,1.0,0.0,61.0,1.0,24.0,1.0,3.0,4853.8,1.0
1,0.0,10840.0,3.0,123.0,30276.0,2523.0,1.0,0.0,21.0,1.0,12.0,0.0,4.0,2523.2,1.0
636,1.0,37967.0,4.0,154.0,260028.0,7223.0,0.0,2.0,11.0,1.0,36.0,1.0,6.0,21322.2,3.0
561,0.0,53902.0,4.0,107.0,36396.0,3033.0,1.0,0.0,76.0,1.0,12.0,1.0,6.0,8152.0,2.0
80,1.0,32372.0,2.0,124.0,194256.0,8094.0,0.0,1.0,69.0,1.0,24.0,1.0,3.0,8094.2,1.0
205,0.0,39045.0,3.0,110.0,161496.0,4486.0,1.0,0.0,72.0,1.0,36.0,1.0,5.0,7610.0,2.0
34,1.0,66956.0,2.0,96.0,102240.0,1704.0,0.0,1.0,58.0,2.0,60.0,1.0,4.0,8062.0,2.0
508,0.0,23567.0,1.0,117.0,185640.0,3094.0,1.0,0.0,46.0,1.0,60.0,1.0,2.0,3094.5,1.0
427,0.0,47322.0,5.0,90.0,91200.0,3800.0,1.0,0.0,39.0,2.0,24.0,1.0,6.0,14078.8,2.0
454,0.0,79128.0,4.0,130.0,68112.0,5676.0,1.0,0.0,35.0,1.0,12.0,1.0,6.0,15012.0,4.0
366,1.0,34409.0,2.0,118.0,87360.0,3640.0,0.0,2.0,5.0,1.0,24.0,1.0,3.0,10913.5,2.0
91,0.0,5903.0,6.0,100.0,96396.0,8033.0,1.0,0.0,30.0,1.0,12.0,0.0,6.0,8033.2,1.0
339,0.0,62315.0,2.0,135.0,232560.0,4845.0,1.0,0.0,14.0,1.0,48.0,1.0,4.0,9599.0,5.0
564,0.0,37696.0,2.0,123.0,116832.0,9736.0,1.0,0.0,21.0,2.0,12.0,1.0,3.0,14482.0,2.0
345,0.0,106848.0,5.0,111.0,65184.0,5432.0,0.0,2.0,3.0,1.0,12.0,1.0,6.0,5432.3,1.0
241,1.0,53332.0,5.0,113.0,51408.0,2142.0,0.0,1.0,29.0,1.0,24.0,1.0,6.0,2142.0,1.0
13,1.0,44471.0,1.0,81.0,109344.0,9112.0,0.0,2.0,70.0,1.0,12.0,1.0,2.0,18040.0,2.0
315,0.0,22568.0,5.0,97.0,300660.0,5011.0,1.0,0.0,40.0,1.0,60.0,1.0,6.0,12927.2,4.0
600,1.0,22377.0,5.0,109.0,167100.0,2785.0,0.0,1.0,62.0,2.0,60.0,1.0,6.0,2784.8,1.0
387,1.0,59579.0,2.0,167.0,100260.0,1671.0,0.0,2.0,1.0,1.0,60.0,1.0,4.0,1671.0,1.0
273,1.0,60711.0,2.0,140.0,204780.0,3413.0,0.0,1.0,54.0,1.0,60.0,1.0,2.0,3413.0,1.0
166,1.0,42250.0,1.0,96.0,437460.0,7291.0,0.0,1.0,68.0,1.0,60.0,1.0,2.0,21725.3,3.0
676,0.0,90506.0,1.0,94.0,317460.0,5291.0,1.0,0.0,50.0,1.0,60.0,1.0,2.0,11923.8,3.0
484,0.0,68311.0,5.0,108.0,224604.0,6239.0,0.0,4.0,31.0,2.0,36.0,1.0,6.0,6239.2,1.0
665,1.0,101757.0,2.0,107.0,98304.0,8192.0,0.0,1.0,16.0,1.0,12.0,1.0,4.0,8191.5,1.0
504,0.0,27854.0,5.0,167.0,288360.0,4806.0,1.0,0.0,1.0,1.0,60.0,1.0,5.0,4806.5,1.0
243,1.0,54056.0,1.0,104.0,327660.0,5461.0,0.0,1.0,38.0,1.0,60.0,1.0,2.0,18217.3,2.0
566,0.0,36343.0,3.0,167.0,228276.0,6341.0,1.0,0.0,1.0,2.0,36.0,1.0,3.0,6341.0,1.0
562,0.0,50526.0,1.0,130.0,225504.0,4698.0,0.0,2.0,7.0,1.0,48.0,1.0,3.0,12519.0,4.0
189,0.0,107612.0,3.0,167.0,77184.0,2144.0,1.0,0.0,1.0,1.0,36.0,1.0,4.0,2144.0,1.0
475,0.0,29601.0,2.0,109.0,220428.0,6123.0,1.0,0.0,67.0,1.0,36.0,1.0,3.0,11788.0,2.0
510,0.0,23226.0,3.0,119.0,85716.0,2381.0,1.0,0.0,17.0,2.0,36.0,1.0,3.0,14545.2,3.0
58,0.0,39716.0,2.0,140.0,385104.0,8023.0,1.0,0.0,54.0,1.0,48.0,1.0,3.0,18283.8,2.0
474,0.0,13814.0,3.0,140.0,56100.0,935.0,1.0,0.0,54.0,1.0,60.0,1.0,4.0,7151.0,2.0
560,0.0,62398.0,1.0,90.0,374760.0,6246.0,1.0,0.0,73.0,2.0,60.0,1.0,3.0,17445.8,4.0
252,1.0,55904.0,1.0,135.0,321240.0,5354.0,0.0,1.0,14.0,1.0,60.0,1.0,3.0,5353.5,1.0
21,1.0,97986.0,2.0,117.0,468060.0,7801.0,0.0,1.0,46.0,2.0,60.0,1.0,3.0,11936.2,3.0
313,0.0,57825.0,1.0,124.0,170832.0,3559.0,1.0,0.0,15.0,1.0,48.0,1.0,2.0,13208.0,2.0
459,0.0,58826.0,2.0,81.0,97392.0,8116.0,1.0,0.0,70.0,2.0,12.0,1.0,3.0,14443.2,2.0
160,0.0,52920.0,1.0,108.0,156420.0,2607.0,1.0,0.0,52.0,1.0,60.0,1.0,2.0,13829.0,2.0
276,0.0,6053.0,2.0,110.0,465504.0,9698.0,1.0,0.0,72.0,1.0,48.0,0.0,3.0,17025.0,5.0
191,0.0,-6139.0,2.0,100.0,94512.0,7876.0,1.0,0.0,74.0,1.0,12.0,0.0,4.0,7876.0,1.0
385,0.0,87956.0,2.0,167.0,390660.0,6511.0,0.0,1.0,1.0,1.0,60.0,1.0,3.0,17265.7,2.0
413,0.0,57382.0,2.0,167.0,203940.0,3399.0,1.0,0.0,1.0,1.0,60.0,1.0,3.0,9509.0,2.0
491,0.0,73565.0,5.0,124.0,7656.0,319.0,1.0,0.0,48.0,2.0,24.0,1.0,6.0,4027.0,2.0
343,0.0,67018.0,3.0,81.0,123600.0,2060.0,1.0,0.0,70.0,2.0,60.0,1.0,4.0,2060.0,1.0
308,0.0,45696.0,5.0,110.0,193968.0,5388.0,1.0,0.0,72.0,1.0,36.0,1.0,6.0,5388.5,1.0
661,1.0,45774.0,4.0,110.0,217152.0,6032.0,0.0,4.0,72.0,1.0,36.0,1.0,4.0,14467.8,2.0
130,0.0,125280.0,4.0,113.0,347952.0,7249.0,1.0,0.0,29.0,1.0,48.0,1.0,6.0,7248.8,1.0
663,0.0,37002.0,5.0,117.0,69360.0,1445.0,1.0,0.0,46.0,1.0,48.0,1.0,6.0,1445.0,1.0
99,0.0,48903.0,1.0,167.0,209040.0,8710.0,0.0,1.0,1.0,1.0,24.0,1.0,2.0,11762.0,3.0
372,0.0,70147.0,3.0,124.0,181020.0,3017.0,1.0,0.0,48.0,2.0,60.0,1.0,4.0,3016.7,1.0
87,0.0,29333.0,4.0,112.0,248148.0,6893.0,1.0,0.0,28.0,1.0,36.0,1.0,6.0,13070.0,4.0
458,1.0,44600.0,2.0,110.0,153144.0,4254.0,0.0,3.0,27.0,1.0,36.0,1.0,3.0,11738.7,3.0
330,0.0,63947.0,2.0,149.0,221880.0,3698.0,1.0,0.0,9.0,2.0,60.0,1.0,3.0,7239.8,5.0
214,0.0,89292.0,4.0,167.0,18564.0,1547.0,1.0,0.0,1.0,1.0,12.0,1.0,5.0,4765.0,2.0
466,1.0,72511.0,2.0,131.0,128268.0,3563.0,0.0,2.0,36.0,1.0,36.0,1.0,2.0,3563.0,1.0
121,1.0,64031.0,3.0,108.0,61560.0,5130.0,0.0,1.0,31.0,1.0,12.0,1.0,3.0,19392.5,4.0
614,0.0,41849.0,6.0,96.0,259740.0,4329.0,1.0,0.0,68.0,1.0,60.0,1.0,6.0,16742.8,2.0
20,0.0,26727.0,1.0,87.0,331584.0,6908.0,1.0,0.0,42.0,2.0,48.0,1.0,3.0,6908.0,1.0
71,0.0,37248.0,2.0,99.0,389136.0,8107.0,1.0,0.0,53.0,1.0,48.0,1.0,3.0,8107.3,1.0
106,0.0,51911.0,4.0,96.0,68400.0,5700.0,1.0,0.0,68.0,1.0,12.0,0.0,5.0,5700.3,1.0
270,1.0,33538.0,2.0,127.0,97176.0,4049.0,0.0,2.0,8.0,1.0,24.0,1.0,3.0,4049.0,1.0
435,0.0,35494.0,4.0,123.0,191880.0,3198.0,1.0,0.0,21.0,1.0,60.0,1.0,4.0,13321.8,3.0
102,0.0,38787.0,2.0,167.0,44952.0,1873.0,1.0,0.0,1.0,1.0,24.0,1.0,3.0,9385.8,3.0
